"Time (s)","Linear Acceleration x (m/s^2)","Linear Acceleration y (m/s^2)","Linear Acceleration z (m/s^2)","Absolute acceleration (m/s^2)"
2.929631000E-3,-3.999999899E-4,0.000000000E0,-4.939999804E-2,4.940161745E-2
1.292963100E-2,-9.200000204E-3,0.000000000E0,-3.959999979E-2,4.065464287E-2
2.292963100E-2,-7.899999619E-3,0.000000000E0,-4.939999804E-2,5.002769033E-2
3.292963100E-2,1.399999950E-3,0.000000000E0,-4.939999804E-2,4.941983211E-2
4.292963100E-2,8.599999361E-3,0.000000000E0,-4.939999804E-2,5.014299348E-2
5.292963100E-2,-7.499999832E-3,0.000000000E0,-2.979999967E-2,3.072930162E-2
6.292963100E-2,-1.999999955E-2,0.000000000E0,-3.969999775E-2,4.445323165E-2
7.292963100E-2,6.599999964E-3,-9.999999747E-5,-3.959999979E-2,4.014635703E-2
8.292963100E-2,4.900000058E-3,-9.999999747E-5,-4.939999804E-2,4.964252015E-2
9.292963100E-2,-3.700000001E-3,-9.999999747E-5,-4.939999804E-2,4.953846794E-2
1.029296310E-1,-3.099999856E-3,-9.999999747E-5,-6.909999996E-2,6.916957419E-2
1.129296310E-1,-9.599999525E-3,-9.999999747E-5,-4.949999973E-2,5.042241530E-2
1.229296310E-1,0.000000000E0,0.000000000E0,-5.929999799E-2,5.929999799E-2
1.329296310E-1,-7.199999876E-3,0.000000000E0,-4.949999973E-2,5.002089535E-2
1.429296310E-1,1.699999906E-3,0.000000000E0,-4.949999973E-2,4.952918305E-2
1.529296310E-1,-5.799999926E-3,0.000000000E0,-3.969999775E-2,4.012143842E-2
1.629296310E-1,1.740000024E-2,9.999999747E-5,-4.949999973E-2,5.246922891E-2
1.729296310E-1,-1.599999960E-3,0.000000000E0,-4.949999973E-2,4.952585157E-2
1.829296310E-1,-1.300000004E-3,0.000000000E0,-4.949999973E-2,4.951706750E-2
1.929296310E-1,-1.399999950E-3,0.000000000E0,-5.929999799E-2,5.931652182E-2
2.029296310E-1,-1.399999950E-3,0.000000000E0,-3.969999775E-2,3.972467522E-2
2.129296310E-1,-1.099999994E-3,-1.999999949E-4,-4.949999973E-2,4.951262438E-2
2.229296310E-1,-1.099999994E-3,-9.999999747E-5,-4.949999973E-2,4.951232143E-2
2.329296310E-1,8.799999952E-3,9.999999747E-5,-3.969999775E-2,4.066374086E-2
2.429296310E-1,-1.099999994E-3,9.999999747E-5,-5.929999799E-2,5.931028377E-2
2.529296310E-1,8.399999700E-3,0.000000000E0,-4.949999973E-2,5.020766842E-2
2.629296310E-1,-1.500000013E-3,0.000000000E0,-5.929999799E-2,5.931896628E-2
2.729296310E-1,-1.129999943E-2,0.000000000E0,-4.949999973E-2,5.077341785E-2
2.829296310E-1,-8.999999845E-4,3.999999899E-4,-4.949999973E-2,4.950979674E-2
2.929296310E-1,-5.999999703E-4,3.999999899E-4,-3.969999775E-2,3.970654633E-2
3.029296310E-1,-1.469999924E-2,2.999999851E-4,-5.929999799E-2,6.109557872E-2
3.129296310E-1,-3.599999938E-3,0.000000000E0,-4.949999973E-2,4.963073617E-2
3.229296310E-1,4.199999850E-3,0.000000000E0,-4.949999973E-2,4.967786199E-2
3.329296310E-1,2.899999963E-3,0.000000000E0,-4.949999973E-2,4.958487646E-2
3.429296310E-1,-5.299999844E-3,0.000000000E0,-5.929999799E-2,5.953637342E-2
3.529296310E-1,3.199999919E-3,0.000000000E0,-5.929999799E-2,5.938627586E-2
3.629296310E-1,2.199999988E-3,0.000000000E0,-5.929999799E-2,5.934079340E-2
3.729296310E-1,1.500000013E-3,9.999999747E-5,-4.949999973E-2,4.952282275E-2
3.829296310E-1,8.999999845E-4,9.999999747E-5,-3.969999775E-2,3.971032387E-2
3.929296310E-1,-8.700000122E-3,0.000000000E0,-5.929999799E-2,5.993479593E-2
4.029296310E-1,9.999999311E-4,9.999999747E-5,-4.949999973E-2,4.951020070E-2
4.129296310E-1,1.059999969E-2,0.000000000E0,-3.969999775E-2,4.109075097E-2
4.229296310E-1,9.999999311E-4,2.999999851E-4,-4.949999973E-2,4.951100861E-2
4.329296310E-1,9.999999311E-4,2.999999851E-4,-5.929999799E-2,5.930918783E-2
4.429296310E-1,-8.700000122E-3,1.999999949E-4,-5.929999799E-2,5.993512963E-2
4.529296310E-1,9.999999311E-4,1.999999949E-4,-4.949999973E-2,4.951050367E-2
4.629296310E-1,1.099999994E-3,2.999999851E-4,-4.949999973E-2,4.951312930E-2
4.729296310E-1,1.300000004E-3,6.999999750E-4,-4.949999973E-2,4.952201504E-2
4.829296310E-1,-5.399999674E-3,5.999999703E-4,-4.949999973E-2,4.979728878E-2
4.929296310E-1,2.699999837E-3,3.999999899E-4,-4.949999973E-2,4.957519513E-2
5.029296310E-1,8.499999531E-3,9.999999747E-5,-4.949999973E-2,5.022459522E-2
5.129296310E-1,5.899999756E-3,9.999999747E-5,-4.939999804E-2,4.975117891E-2
5.229296310E-1,-1.030000020E-2,9.999999747E-5,-5.929999799E-2,6.018795365E-2
5.329296310E-1,6.599999964E-3,0.000000000E0,-4.939999804E-2,4.983893865E-2
5.429296310E-1,-8.899999782E-3,0.000000000E0,-3.969999775E-2,4.068537597E-2
5.529296310E-1,-7.199999876E-3,0.000000000E0,-6.909999996E-2,6.947409584E-2
5.629296310E-1,-5.599999800E-3,9.999999747E-5,-5.929999799E-2,5.956391323E-2
5.729296310E-1,2.899999963E-3,1.999999949E-4,-4.949999973E-2,4.958527980E-2
5.829296310E-1,3.199999919E-3,3.999999899E-4,-5.929999799E-2,5.938762296E-2
5.929296310E-1,-6.499999668E-3,4.999999655E-4,-5.929999799E-2,5.965726910E-2
6.029296310E-1,-6.399999838E-3,5.999999703E-4,-5.929999799E-2,5.964737848E-2
6.129296310E-1,3.499999875E-3,5.999999703E-4,-6.909999996E-2,6.919118437E-2
6.229296310E-1,-6.399999838E-3,4.999999655E-4,-5.929999799E-2,5.964645638E-2
6.329296310E-1,-6.399999838E-3,1.199999941E-3,-6.909999996E-2,6.940612360E-2
6.429296310E-1,8.799999952E-3,8.999999845E-4,-5.929999799E-2,5.995614864E-2
6.529296310E-1,-7.999999798E-4,5.999999703E-4,-4.949999973E-2,4.951009971E-2
6.629296310E-1,-6.999999750E-4,3.999999899E-4,-5.929999799E-2,5.930547834E-2
6.729296310E-1,-5.999999703E-4,1.999999949E-4,-3.969999775E-2,3.970503522E-2
6.829296310E-1,-5.999999703E-4,9.999999747E-5,-4.949999973E-2,4.950373696E-2
6.929296310E-1,-7.699999958E-3,9.999999747E-5,-4.949999973E-2,5.009540870E-2
7.029296310E-1,1.300000004E-3,0.000000000E0,-4.949999973E-2,4.951706750E-2
7.129296310E-1,-6.199999712E-3,0.000000000E0,-4.949999973E-2,4.988677149E-2
7.229296310E-1,2.600000007E-3,0.000000000E0,-5.929999799E-2,5.935696893E-2
7.329296310E-1,9.200000204E-3,0.000000000E0,-5.929999799E-2,6.000941397E-2
7.429296310E-1,-4.999999655E-4,9.699999355E-3,-5.929999799E-2,6.009018013E-2
7.529296310E-1,-5.999999703E-4,-9.999999747E-5,-3.969999775E-2,3.970465743E-2
7.629296310E-1,9.099999443E-3,-9.999999747E-5,-4.949999973E-2,5.032961318E-2
7.729296310E-1,-1.040000003E-2,-9.999999747E-5,-5.929999799E-2,6.020514730E-2
7.829296310E-1,-5.999999703E-4,-9.999999747E-5,-5.929999799E-2,5.930311763E-2
7.929327560E-1,-1.040000003E-2,-1.999999949E-4,-3.969999775E-2,4.104010017E-2
8.029296310E-1,-5.999999703E-4,-9.999999747E-5,-3.969999775E-2,3.970465743E-2
8.129296310E-1,-5.999999703E-4,-1.999999949E-4,-4.949999973E-2,4.950403997E-2
8.229296310E-1,-6.999999750E-4,-1.999999949E-4,-3.969999775E-2,3.970667225E-2
8.329296310E-1,-5.999999703E-4,-1.999999949E-4,-4.949999973E-2,4.950403997E-2
8.429296310E-1,8.799999952E-3,-9.999999747E-5,-4.949999973E-2,5.027623666E-2
8.529296310E-1,-8.999999845E-4,0.000000000E0,-6.909999996E-2,6.910586079E-2
8.629296310E-1,-1.069999952E-2,9.999999747E-5,-4.949999973E-2,5.064336050E-2
8.729296310E-1,-1.099999994E-2,3.999999899E-4,-4.949999973E-2,5.070907189E-2
8.829296310E-1,-1.099999994E-2,2.999999851E-4,-5.929999799E-2,6.031235163E-2
8.929296310E-1,-1.129999943E-2,9.999999747E-5,-2.979999967E-2,3.187067567E-2
9.029296310E-1,8.200000040E-3,0.000000000E0,-5.929999799E-2,5.986426114E-2
9.129296310E-1,-1.139999926E-2,0.000000000E0,-4.949999973E-2,5.079576711E-2
9.229296310E-1,-1.599999960E-3,0.000000000E0,-5.929999799E-2,5.932157922E-2
9.329296310E-1,8.200000040E-3,0.000000000E0,-4.949999973E-2,5.017459491E-2
9.429296310E-1,-1.129999943E-2,0.000000000E0,-3.969999775E-2,4.127686772E-2
9.529296310E-1,-1.129999943E-2,0.000000000E0,-4.949999973E-2,5.077341785E-2
9.629296310E-1,8.299999870E-3,0.000000000E0,-4.949999973E-2,5.019103477E-2
9.729296310E-1,-2.109999955E-2,1.999999949E-4,-4.949999973E-2,5.380984997E-2
9.829296310E-1,-1.129999943E-2,1.999999949E-4,-3.969999775E-2,4.127735225E-2
9.929296310E-1,-1.500000013E-3,9.999999747E-5,-5.929999799E-2,5.931905057E-2
1.002929631E0,-1.119999960E-2,0.000000000E0,-5.929999799E-2,6.034840306E-2
1.012929631E0,-1.119999960E-2,-1.960000023E-2,-4.949999973E-2,5.440450325E-2
1.022929631E0,-2.089999989E-2,0.000000000E0,-5.929999799E-2,6.287527142E-2
1.032929631E0,-8.700000122E-3,1.099999994E-3,-4.949999973E-2,5.027076661E-2
1.042929631E0,2.999999851E-4,5.999999703E-4,-4.949999973E-2,4.950454498E-2
1.052929631E0,6.099999882E-3,2.999999851E-4,-4.939999804E-2,4.977609672E-2
1.062929631E0,-2.799999900E-3,9.999999747E-5,-5.929999799E-2,5.936614996E-2
1.072929631E0,1.179999951E-2,9.999999747E-5,-4.939999804E-2,5.078985917E-2
1.082929631E0,-1.209999993E-2,0.000000000E0,-3.959999979E-2,4.140736627E-2
1.092929631E0,-1.999999862E-3,0.000000000E0,-5.929999799E-2,5.933371521E-2
1.102929631E0,-1.399999950E-3,-1.999999949E-4,-3.969999775E-2,3.972517868E-2
1.112929631E0,1.310000010E-2,-1.999999949E-4,-4.939999804E-2,5.110782532E-2
1.122929631E0,2.300000051E-3,-9.999999747E-5,-4.939999804E-2,4.945361267E-2
1.132929631E0,-5.599999800E-3,-9.999999747E-5,-4.939999804E-2,4.971649429E-2
1.142929631E0,-5.599999800E-3,-9.999999747E-5,-4.939999804E-2,4.971649429E-2
1.152929631E0,-5.699999630E-3,-1.999999949E-4,-5.920000002E-2,5.947411200E-2
1.162929631E0,-5.799999926E-3,-1.999999949E-4,-4.939999804E-2,4.973972060E-2
1.172929631E0,-5.799999926E-3,-2.999999851E-4,-4.939999804E-2,4.974022321E-2
1.182929631E0,3.999999724E-3,0.000000000E0,-5.920000002E-2,5.933498125E-2
1.192929631E0,3.999999724E-3,0.000000000E0,-4.939999804E-2,4.956167677E-2
1.202929631E0,3.899999894E-3,-1.999999949E-4,-4.939999804E-2,4.955410987E-2
1.212929631E0,-1.549999975E-2,-3.999999899E-4,-5.920000002E-2,6.119681360E-2
1.222929631E0,-5.699999630E-3,-4.999999655E-4,-4.939999804E-2,4.973027048E-2
1.232929631E0,-6.000000052E-3,-4.999999655E-4,-4.939999804E-2,4.976554839E-2
1.242929631E0,3.799999831E-3,-2.999999851E-4,-5.920000002E-2,5.932259267E-2
1.252929631E0,-1.569999941E-2,-2.999999851E-4,-3.959999979E-2,4.259976484E-2
1.262929631E0,-1.549999975E-2,-2.999999851E-4,-5.920000002E-2,6.119624167E-2
1.272929631E0,-1.549999975E-2,-2.999999851E-4,-4.939999804E-2,5.177547487E-2
1.282929631E0,-5.699999630E-3,-2.999999851E-4,-3.959999979E-2,4.000924867E-2
1.292929631E0,-5.699999630E-3,-4.999999655E-4,-6.899999827E-2,6.923683815E-2
1.302929631E0,-5.799999926E-3,-4.999999655E-4,-4.939999804E-2,4.974183154E-2
1.312929631E0,-5.699999630E-3,-4.999999655E-4,-4.939999804E-2,4.973027048E-2
1.322929631E0,-5.599999800E-3,-4.999999655E-4,-4.939999804E-2,4.971890791E-2
1.332929631E0,-1.539999992E-2,-5.999999703E-4,-4.939999804E-2,5.174823479E-2
1.342929631E0,-2.510000020E-2,-9.999999311E-4,-5.920000002E-2,6.430901968E-2
1.352929631E0,-1.529999916E-2,-1.099999994E-3,-4.939999804E-2,5.172678011E-2
1.362929631E0,4.100000020E-3,-1.099999994E-3,-3.959999979E-2,3.982687514E-2
1.372929631E0,4.100000020E-3,-1.099999994E-3,-5.920000002E-2,5.935200083E-2
1.382929631E0,-1.529999916E-2,-1.099999994E-3,-3.959999979E-2,4.246716328E-2
1.392929631E0,4.199999850E-3,-1.079999935E-2,-4.939999804E-2,5.074090846E-2
1.402929631E0,4.199999850E-3,-1.300000004E-3,-4.939999804E-2,4.959525990E-2
1.412929631E0,4.199999850E-3,-1.199999941E-3,-4.939999804E-2,4.959273944E-2
1.422929631E0,-5.599999800E-3,-1.300000004E-3,-4.939999804E-2,4.973338722E-2
1.432929631E0,-5.599999800E-3,-1.500000013E-3,-4.939999804E-2,4.973901692E-2
1.442929631E0,-1.539999992E-2,-1.399999950E-3,-5.920000002E-2,6.118627297E-2
1.452929631E0,-5.299999844E-3,-1.199999941E-3,-4.939999804E-2,4.969798592E-2
1.462929631E0,4.299999680E-3,-1.399999950E-3,-4.939999804E-2,4.960655000E-2
1.472929631E0,-1.509999949E-2,-1.399999950E-3,-4.939999804E-2,5.167523382E-2
1.482929631E0,4.299999680E-3,-1.300000004E-3,-4.939999804E-2,4.960382852E-2
1.492929631E0,-5.399999674E-3,-1.399999950E-3,-5.920000002E-2,5.946225692E-2
1.502929631E0,-1.509999949E-2,-1.399999950E-3,-3.959999979E-2,4.240436260E-2
1.512929631E0,4.399999976E-3,-1.500000013E-3,-3.959999979E-2,3.987191973E-2
1.522929631E0,-5.399999674E-3,-1.599999960E-3,-4.939999804E-2,4.972001411E-2
1.532929631E0,-1.519999932E-2,-1.599999960E-3,-5.920000002E-2,6.114114802E-2
1.542929631E0,-2.479999885E-2,-1.500000013E-3,-4.939999804E-2,5.529601929E-2
1.552929631E0,-5.099999718E-3,-1.500000013E-3,-3.959999979E-2,3.995522469E-2
1.562929631E0,-5.299999844E-3,-1.399999950E-3,-4.939999804E-2,4.970321724E-2
1.572929631E0,-5.299999844E-3,-1.199999941E-3,-5.920000002E-2,5.944888561E-2
1.582929631E0,-5.099999718E-3,-1.099999994E-3,-4.939999804E-2,4.967474009E-2
1.592929631E0,-4.999999888E-3,-1.199999941E-3,-5.920000002E-2,5.942289122E-2
1.602929631E0,-4.999999888E-3,-1.099999994E-3,-5.920000002E-2,5.942095591E-2
1.612929631E0,-1.459999941E-2,-1.099999994E-3,-4.939999804E-2,5.152407000E-2
1.622929631E0,-2.429999970E-2,-1.199999941E-3,-4.939999804E-2,5.506623095E-2
1.632929631E0,-1.429999992E-2,-1.199999941E-3,-2.979999967E-2,3.307521697E-2
1.642929631E0,-1.429999992E-2,-1.199999941E-3,-3.959999979E-2,4.211994754E-2
1.652929631E0,-1.379999984E-2,-1.300000004E-3,-3.959999979E-2,4.195580983E-2
1.662929631E0,-1.359999925E-2,-1.399999950E-3,-3.959999979E-2,4.189367449E-2
1.672929631E0,-1.339999959E-2,-1.399999950E-3,-5.920000002E-2,6.071375455E-2
1.682929631E0,6.000000052E-3,-1.300000004E-3,-4.939999804E-2,4.978001413E-2
1.692929631E0,-3.700000001E-3,-1.300000004E-3,-4.939999804E-2,4.955542156E-2
1.702929631E0,-3.599999938E-3,-1.500000013E-3,-4.939999804E-2,4.955370628E-2
1.712929631E0,6.000000052E-3,-1.500000013E-3,-4.939999804E-2,4.978563856E-2
1.722929631E0,-1.329999976E-2,-1.399999950E-3,-4.939999804E-2,5.117821607E-2
1.732929631E0,6.099999882E-3,-1.199999941E-3,-3.959999979E-2,4.008503438E-2
1.742929631E0,-3.599999938E-3,-1.199999941E-3,-3.959999979E-2,3.978140247E-2
1.752929631E0,-3.599999938E-3,-1.099999994E-3,-4.939999804E-2,4.954321150E-2
1.762929631E0,5.899999756E-3,-1.099999994E-3,-3.959999979E-2,4.005221567E-2
1.772929631E0,-1.329999976E-2,-7.999999798E-4,-4.939999804E-2,5.116531833E-2
1.782929631E0,-3.299999982E-3,-8.999999845E-4,-3.959999979E-2,3.974745253E-2
1.792929631E0,-3.499999875E-3,-7.999999798E-4,-3.959999979E-2,3.976241922E-2
1.802929631E0,6.099999882E-3,-7.999999798E-4,-4.939999804E-2,4.978162115E-2
1.812929631E0,5.899999756E-3,-8.999999845E-4,-5.920000002E-2,5.950008403E-2
1.822929631E0,-3.799999831E-3,-9.999999311E-4,-5.920000002E-2,5.933026210E-2
1.832929631E0,-3.700000001E-3,-7.999999798E-4,-4.939999804E-2,4.954482623E-2
1.842929631E0,-3.700000001E-3,-6.999999750E-4,-4.939999804E-2,4.954331243E-2
1.852929631E0,-1.349999942E-2,-6.999999750E-4,-4.939999804E-2,5.121620633E-2
1.862929631E0,5.899999756E-3,-6.999999750E-4,-5.920000002E-2,5.949739489E-2
1.872929631E0,-3.799999831E-3,-5.999999703E-4,-3.959999979E-2,3.978642962E-2
1.882929631E0,-3.599999938E-3,-3.999999899E-4,-3.959999979E-2,3.976531130E-2
1.892929631E0,-1.349999942E-2,-3.999999899E-4,-3.959999979E-2,4.183981318E-2
1.902929631E0,-3.700000001E-3,-2.999999851E-4,-3.959999979E-2,3.977360913E-2
1.912929631E0,-3.799999831E-3,-1.999999949E-4,-4.939999804E-2,4.954633998E-2
1.922929631E0,-3.599999938E-3,-1.999999949E-4,-3.959999979E-2,3.976380242E-2
1.932929631E0,6.000000052E-3,-1.999999949E-4,-3.959999979E-2,4.005246539E-2
1.942929631E0,-1.339999959E-2,-1.999999949E-4,-5.920000002E-2,6.069794058E-2
1.952929631E0,-1.310000010E-2,-1.999999949E-4,-3.959999979E-2,4.171102954E-2
1.962929631E0,6.300000008E-3,-1.999999949E-4,-4.939999804E-2,4.980050006E-2
1.972929631E0,-3.399999812E-3,-1.999999949E-4,-5.920000002E-2,5.929789204E-2
1.982929631E0,-3.399999812E-3,-1.999999949E-4,-4.939999804E-2,4.951726775E-2
1.992929631E0,-1.310000010E-2,-1.999999949E-4,-4.939999804E-2,5.110782532E-2
2.002929631E0,-3.399999812E-3,-2.999999851E-4,-2.979999967E-2,2.999483254E-2
2.012929631E0,-3.399999812E-3,-2.999999851E-4,-6.909999996E-2,6.918424672E-2
2.022929631E0,6.300000008E-3,-2.999999851E-4,-4.939999804E-2,4.980100206E-2
2.032929631E0,-3.299999982E-3,-2.999999851E-4,-2.979999967E-2,2.998366189E-2
2.042929631E0,-1.299999934E-2,-1.999999949E-4,-4.939999804E-2,5.108228449E-2
2.052929631E0,6.399999838E-3,-1.999999949E-4,-4.939999804E-2,4.981324928E-2
2.062929631E0,-3.299999982E-3,-1.999999949E-4,-3.959999979E-2,3.973776520E-2
2.072929631E0,-3.199999919E-3,-2.999999851E-4,-4.939999804E-2,4.950444228E-2
2.082929631E0,-1.289999951E-2,-2.999999851E-4,-5.920000002E-2,6.058993307E-2
2.092929631E0,6.499999668E-3,-3.999999899E-4,-5.920000002E-2,5.955711543E-2
2.102929631E0,-1.269999985E-2,-2.999999851E-4,-4.939999804E-2,5.100725245E-2
2.112929631E0,9.899999946E-3,0.000000000E0,-5.929999799E-2,6.012070991E-2
2.122929631E0,-9.999999747E-5,0.000000000E0,-4.949999973E-2,4.950010074E-2
2.132929631E0,-2.999999851E-4,0.000000000E0,-3.969999775E-2,3.970113124E-2
2.142929631E0,-6.999999750E-3,0.000000000E0,-3.969999775E-2,4.031240278E-2
2.152929631E0,1.799999969E-3,0.000000000E0,-4.949999973E-2,4.953271619E-2
2.162929631E0,1.150000002E-2,0.000000000E0,-3.969999775E-2,4.133206772E-2
2.172929631E0,1.099999994E-3,0.000000000E0,-4.949999973E-2,4.951222045E-2
2.182929631E0,3.999999899E-4,9.999999747E-5,-4.949999973E-2,4.950171687E-2
2.192929631E0,6.899999920E-3,1.999999949E-4,-3.959999979E-2,4.019713898E-2
2.202929631E0,-8.999999613E-3,1.999999949E-4,-3.969999775E-2,4.070785937E-2
2.212929631E0,-1.909999922E-2,-1.999999949E-4,-4.949999973E-2,5.305751543E-2
2.222929631E0,-7.400000002E-3,-1.999999949E-4,-5.929999799E-2,5.976026908E-2
2.232929631E0,-5.099999718E-3,-1.999999949E-4,-3.969999775E-2,4.002673880E-2
2.242929631E0,1.359999925E-2,0.000000000E0,-4.949999973E-2,5.133429607E-2
2.252929631E0,2.699999837E-3,0.000000000E0,-5.929999799E-2,5.936143327E-2
2.262929631E0,1.699999906E-3,9.999999747E-5,-4.949999973E-2,4.952928400E-2
2.272929631E0,1.500000013E-3,3.999999899E-4,-5.929999799E-2,5.932031491E-2
2.282929631E0,-6.099999882E-3,2.999999851E-4,-4.949999973E-2,4.987534433E-2
2.292929631E0,2.399999881E-3,9.999999747E-5,-3.969999775E-2,3.977260139E-2
2.302929631E0,1.500000013E-3,0.000000000E0,-3.969999775E-2,3.972832518E-2
2.312929631E0,-5.499999970E-3,1.999999949E-4,-2.989999950E-2,3.040230205E-2
2.322929631E0,3.700000001E-3,3.999999899E-4,-4.949999973E-2,4.963970158E-2
2.332929631E0,2.799999900E-3,1.999999949E-4,-5.929999799E-2,5.936640262E-2
2.342929631E0,1.899999916E-3,9.999999747E-5,-4.949999973E-2,4.953655189E-2
2.352929631E0,1.300000004E-3,1.999999949E-4,-5.929999799E-2,5.931458304E-2
2.362929631E0,-5.899999756E-3,9.999999747E-5,-3.969999775E-2,4.013614105E-2
2.372929631E0,-4.299999680E-3,1.999999949E-4,-4.949999973E-2,4.968681888E-2
2.382929631E0,3.899999894E-3,9.999999747E-5,-4.949999973E-2,4.965349910E-2
2.392929631E0,2.499999944E-3,0.000000000E0,-3.969999775E-2,3.977863524E-2
2.402929631E0,-5.599999800E-3,0.000000000E0,-4.949999973E-2,4.981576027E-2
2.412929631E0,-4.399999976E-3,0.000000000E0,-4.949999973E-2,4.969517052E-2
2.422929631E0,-3.700000001E-3,0.000000000E0,-5.929999799E-2,5.941531588E-2
2.432929631E0,-3.799999831E-3,0.000000000E0,-6.909999996E-2,6.920440733E-2
2.442929631E0,1.559999958E-2,0.000000000E0,-4.949999973E-2,5.189999962E-2
2.452929631E0,5.799999926E-3,0.000000000E0,-4.949999973E-2,4.983863935E-2
2.462929631E0,5.899999756E-3,-9.999999747E-5,-4.949999973E-2,4.985047613E-2
2.472929631E0,5.799999926E-3,-3.999999899E-4,-5.929999799E-2,5.958430800E-2
2.482929631E0,5.799999926E-3,-3.999999899E-4,-4.949999973E-2,4.984024451E-2
2.492929631E0,-1.370000001E-2,-4.999999655E-4,-5.929999799E-2,6.086402682E-2
2.502929631E0,1.539999992E-2,-3.999999899E-4,-5.929999799E-2,6.126834222E-2
2.512929631E0,1.539999992E-2,-3.999999899E-4,-3.969999775E-2,4.258414986E-2
2.522929631E0,1.549999975E-2,-1.999999949E-4,-4.949999973E-2,5.187041513E-2
2.532929631E0,3.000000026E-3,3.999999899E-4,-4.949999973E-2,4.959243867E-2
2.542929631E0,1.599999960E-3,1.999999949E-4,-4.949999973E-2,4.952625539E-2
2.552929631E0,8.999999845E-4,2.999999851E-4,-5.929999799E-2,5.930758603E-2
2.562929631E0,7.599999662E-3,2.999999851E-4,-5.929999799E-2,5.978578222E-2
2.572929631E0,-1.799999969E-3,1.999999949E-4,-5.929999799E-2,5.932764753E-2
2.582929631E0,-1.399999950E-3,9.999999747E-5,-5.929999799E-2,5.931660611E-2
2.592929631E0,-8.299999870E-3,9.999999747E-5,-4.949999973E-2,5.019113439E-2
2.602929631E0,-6.599999964E-3,9.999999747E-5,-6.909999996E-2,6.941455175E-2
2.612929631E0,-4.900000058E-3,0.000000000E0,-4.949999973E-2,4.974193376E-2
2.622929631E0,3.499999875E-3,0.000000000E0,-5.929999799E-2,5.940319655E-2
2.632929631E0,2.600000007E-3,0.000000000E0,-6.909999996E-2,6.914889728E-2
2.642929631E0,-7.100000046E-3,0.000000000E0,-4.949999973E-2,5.000659931E-2
2.652929631E0,-7.100000046E-3,-9.999999747E-5,-5.929999799E-2,5.972361143E-2
2.662929631E0,-7.199999876E-3,-1.999999949E-4,-5.929999799E-2,5.973583313E-2
2.672929631E0,2.600000007E-3,-1.999999949E-4,-4.949999973E-2,4.956863901E-2
2.682929631E0,2.600000007E-3,0.000000000E0,-4.949999973E-2,4.956823553E-2
2.692929631E0,-7.100000046E-3,0.000000000E0,-5.929999799E-2,5.972352771E-2
2.702929631E0,2.499999944E-3,0.000000000E0,-5.929999799E-2,5.935267273E-2
2.712929631E0,-8.399999700E-3,1.999999949E-4,-5.929999799E-2,5.989231801E-2
2.722929631E0,-5.799999926E-3,0.000000000E0,-5.929999799E-2,5.958296535E-2
2.732929631E0,2.499999944E-3,-9.999999747E-5,-4.949999973E-2,4.956319172E-2
2.742929631E0,1.599999960E-3,-9.999999747E-5,-6.909999996E-2,6.911859370E-2
2.752929631E0,-1.389999967E-2,-9.999999747E-5,-6.909999996E-2,7.048425346E-2
2.762929631E0,4.100000020E-3,0.000000000E0,-5.929999799E-2,5.944156594E-2
2.772929631E0,2.899999963E-3,0.000000000E0,-5.929999799E-2,5.937086626E-2
2.782929631E0,-5.200000014E-3,-9.999999747E-5,-5.929999799E-2,5.952763863E-2
2.792929631E0,-4.199999850E-3,0.000000000E0,-6.909999996E-2,6.922752338E-2
2.802929631E0,-3.299999982E-3,0.000000000E0,-5.929999799E-2,5.939174826E-2
2.812929631E0,-2.699999837E-3,-9.999999747E-5,-5.939999968E-2,5.946141573E-2
2.822929631E0,6.999999750E-3,-2.999999851E-4,-5.939999968E-2,5.981178779E-2
2.832929631E0,6.899999920E-3,-2.999999851E-4,-5.939999968E-2,5.980016689E-2
2.842929631E0,6.899999920E-3,-3.999999899E-4,-5.939999968E-2,5.980075217E-2
2.852929631E0,6.899999920E-3,-3.999999899E-4,-5.939999968E-2,5.980075217E-2
2.862929631E0,-2.699999837E-3,-4.999999655E-4,-5.939999968E-2,5.946343381E-2
2.872929631E0,7.100000046E-3,-4.999999655E-4,-6.920000166E-2,6.956507910E-2
2.882929631E0,6.999999750E-3,-5.999999703E-4,-4.949999973E-2,4.999609955E-2
2.892929631E0,6.999999750E-3,-6.999999750E-4,-3.969999775E-2,4.031847986E-2
2.902929631E0,-2.799999900E-3,-6.999999750E-4,-6.920000166E-2,6.926016336E-2
2.912929631E0,-2.229999937E-2,-6.999999750E-4,-5.939999968E-2,6.345187100E-2
2.922929631E0,6.899999920E-3,-6.999999750E-4,-6.920000166E-2,6.954667662E-2
2.932929631E0,-2.899999963E-3,-6.999999750E-4,-5.939999968E-2,5.947486832E-2
2.942929631E0,6.799999624E-3,-8.999999845E-4,-3.969999775E-2,4.028820940E-2
2.952929631E0,-3.199999919E-3,-1.199999941E-3,-5.929999799E-2,5.939839864E-2
2.962929631E0,-3.399999812E-3,-1.399999950E-3,-6.920000166E-2,6.929762065E-2
2.972929631E0,-3.099999856E-3,-1.099999994E-3,-6.920000166E-2,6.927813673E-2
2.982929631E0,6.699999794E-3,-1.399999950E-3,-5.929999799E-2,5.969371624E-2
2.992929631E0,6.699999794E-3,-1.500000013E-3,-4.949999973E-2,4.997389289E-2
3.002929631E0,1.649999991E-2,-1.399999950E-3,-5.929999799E-2,6.156865889E-2
3.012929631E0,1.999999862E-3,-1.399999950E-3,-5.929999799E-2,5.935022966E-2
3.022929631E0,8.999999845E-4,-7.999999798E-4,-5.929999799E-2,5.931222269E-2
3.032929631E0,4.999999655E-4,-5.999999703E-4,-4.949999973E-2,4.950616096E-2
3.042929631E0,1.999999949E-4,-4.999999655E-4,-5.929999799E-2,5.930244313E-2
3.052929631E0,-9.999999747E-5,-9.999999311E-4,-5.929999799E-2,5.930851339E-2
3.062929631E0,-2.999999851E-4,-6.999999750E-4,-5.929999799E-2,5.930488817E-2
3.072929631E0,-3.999999899E-4,-5.999999703E-4,-4.949999973E-2,4.950525198E-2
3.082929631E0,-3.999999899E-4,-4.999999655E-4,-6.909999996E-2,6.910296662E-2
3.092929631E0,-3.999999899E-4,-3.999999899E-4,-5.929999799E-2,5.930269607E-2
3.102929631E0,-4.999999655E-4,-2.999999851E-4,-4.949999973E-2,4.950343396E-2
3.112929631E0,-7.799999788E-3,-9.999999747E-5,-5.929999799E-2,5.981086655E-2
3.122929631E0,-1.339999959E-2,0.000000000E0,-5.929999799E-2,6.079514578E-2
3.132929631E0,3.999999724E-3,-7.999999798E-4,-5.929999799E-2,5.944013593E-2
3.142929631E0,1.040000003E-2,-6.999999750E-4,-5.929999799E-2,6.020913354E-2
3.152929631E0,8.100000210E-3,-5.999999703E-4,-7.889999449E-2,7.931695364E-2
3.162929631E0,-8.299999870E-3,-3.999999899E-4,-4.949999973E-2,5.019262865E-2
3.172929631E0,9.999999311E-4,-1.999999949E-4,-5.929999799E-2,5.930876631E-2
3.182929631E0,-6.499999668E-3,-2.999999851E-4,-4.949999973E-2,4.992584470E-2
3.192929631E0,-5.200000014E-3,-4.999999655E-4,-6.909999996E-2,6.929718606E-2
3.202929631E0,3.099999856E-3,-2.999999851E-4,-4.949999973E-2,4.959788274E-2
3.212929631E0,2.300000051E-3,-2.999999851E-4,-6.909999996E-2,6.913891809E-2
3.222929631E0,1.500000013E-3,-1.999999949E-4,-4.949999973E-2,4.952312564E-2
3.232929631E0,8.999999845E-4,-1.999999949E-4,-4.949999973E-2,4.950858485E-2
3.242929631E0,1.069999952E-2,-1.999999949E-4,-4.949999973E-2,5.064365669E-2
3.252931194E0,-8.799999952E-3,-1.999999949E-4,-3.969999775E-2,4.066410974E-2
3.262929631E0,1.059999969E-2,-1.999999949E-4,-4.949999973E-2,5.062262307E-2
3.272929631E0,7.999999798E-4,-1.999999949E-4,-6.909999996E-2,6.910492019E-2
3.282929631E0,7.999999798E-4,-2.999999851E-4,-4.949999973E-2,4.950737292E-2
3.292929631E0,-1.869999990E-2,-1.999999949E-4,-6.909999996E-2,7.158589240E-2
3.302929631E0,7.999999798E-4,-1.999999949E-4,-6.909999996E-2,6.910492019E-2
3.312929631E0,7.999999798E-4,-2.999999851E-4,-4.949999973E-2,4.950737292E-2
3.322929631E0,7.999999798E-4,-2.999999851E-4,-3.969999775E-2,3.970919064E-2
3.332929631E0,6.999999750E-4,-3.999999899E-4,-4.949999973E-2,4.950656495E-2
3.342929631E0,7.999999798E-4,-3.999999899E-4,-6.909999996E-2,6.910578843E-2
3.352929631E0,7.999999798E-4,-3.999999899E-4,-5.929999799E-2,5.930674296E-2
3.362929631E0,-8.999999613E-3,-4.999999655E-4,-4.949999973E-2,5.031401362E-2
3.372929631E0,-8.999999613E-3,-4.999999655E-4,-3.969999775E-2,4.071043864E-2
3.382929631E0,7.999999798E-4,-3.999999899E-4,-4.949999973E-2,4.950807988E-2
3.392929631E0,0.000000000E0,-1.399999950E-3,-5.929999799E-2,5.931652182E-2
3.402929631E0,-5.799999926E-3,-8.999999845E-4,-4.949999973E-2,4.984676492E-2
3.412929631E0,-4.199999850E-3,-6.999999750E-4,-5.929999799E-2,5.945266823E-2
3.422929631E0,3.799999831E-3,-4.999999655E-4,-5.929999799E-2,5.942373061E-2
3.432929631E0,2.699999837E-3,-2.999999851E-4,-4.949999973E-2,4.957448913E-2
3.442929631E0,1.799999969E-3,-9.999999747E-5,-3.969999775E-2,3.974090866E-2
3.452929631E0,1.399999950E-3,0.000000000E0,-5.929999799E-2,5.931652182E-2
3.462929631E0,7.999999449E-3,0.000000000E0,-4.949999973E-2,5.014229716E-2
3.472929631E0,-1.300000004E-3,0.000000000E0,-4.949999973E-2,4.951706750E-2
3.482929631E0,-9.999999311E-4,0.000000000E0,-4.949999973E-2,4.951009971E-2
3.492929631E0,6.199999712E-3,9.999999747E-5,-4.939999804E-2,4.978764709E-2
3.502929631E0,-3.700000001E-3,1.999999949E-4,-4.939999804E-2,4.953877074E-2
3.512929631E0,-1.349999942E-2,3.999999899E-4,-4.939999804E-2,5.121298459E-2
3.522929631E0,-2.339999937E-2,1.040000003E-2,-3.959999979E-2,4.715803170E-2
3.532929631E0,-3.700000001E-3,6.999999750E-4,-4.939999804E-2,4.954331243E-2
3.542929631E0,-1.339999959E-2,5.999999703E-4,-3.959999979E-2,4.181004630E-2
3.552929631E0,-1.329999976E-2,2.999999851E-4,-4.939999804E-2,5.115994331E-2
3.562929631E0,-3.700000001E-3,5.999999703E-4,-4.939999804E-2,4.954200043E-2
3.572929631E0,-3.599999938E-3,5.999999703E-4,-4.939999804E-2,4.953463239E-2
3.582929631E0,-2.349999920E-2,5.999999703E-4,-4.939999804E-2,5.470804117E-2
3.592929631E0,-3.899999894E-3,7.999999798E-4,-4.939999804E-2,4.956016349E-2
3.602929631E0,-3.999999724E-3,4.999999655E-4,-4.939999804E-2,4.956419881E-2
3.612929631E0,-1.370000001E-2,6.999999750E-4,-4.939999804E-2,5.126928717E-2
3.622929631E0,-3.899999894E-3,6.999999750E-4,-4.939999804E-2,4.955865016E-2
3.632929631E0,-1.379999984E-2,7.999999798E-4,-4.939999804E-2,5.129756136E-2
3.642929631E0,-4.199999850E-3,5.999999703E-4,-4.939999804E-2,4.958184955E-2
3.652929631E0,5.399999674E-3,5.999999703E-4,-4.939999804E-2,4.969788529E-2
3.662929631E0,-1.409999933E-2,6.999999750E-4,-4.939999804E-2,5.137761952E-2
3.672929631E0,-4.299999680E-3,-8.899999782E-3,-3.959999979E-2,4.081494795E-2
3.682929631E0,-1.409999933E-2,6.999999750E-4,-3.959999979E-2,4.204116987E-2
3.692929631E0,-4.299999680E-3,5.999999703E-4,-3.959999979E-2,3.983729384E-2
3.702929631E0,-2.389999852E-2,4.999999655E-4,-4.939999804E-2,5.488004861E-2
3.712929631E0,-4.199999850E-3,7.999999798E-4,-4.939999804E-2,4.958467309E-2
3.722929631E0,1.529999916E-2,7.999999798E-4,-5.920000002E-2,6.115038819E-2
3.732929631E0,5.499999970E-3,6.999999750E-4,-4.939999804E-2,4.971015797E-2
3.742929631E0,-4.100000020E-3,5.999999703E-4,-4.939999804E-2,4.957347886E-2
3.752929631E0,-4.100000020E-3,6.999999750E-4,-5.920000002E-2,5.934593501E-2
3.762931194E0,-1.199999941E-3,-2.999999851E-4,-3.969999775E-2,3.971926260E-2
3.772929631E0,-6.000000052E-3,-9.999999747E-5,-4.949999973E-2,4.986241043E-2
3.782929631E0,-1.090000011E-2,-9.999999747E-5,-5.939999968E-2,6.039188658E-2
3.792929631E0,-7.999999798E-4,0.000000000E0,-4.959999770E-2,4.960644889E-2
3.802929631E0,-6.999999750E-4,0.000000000E0,-4.959999770E-2,4.960493697E-2
3.812929631E0,6.599999964E-3,0.000000000E0,-5.929999799E-2,5.966615255E-2
3.822929631E0,4.699999932E-3,0.000000000E0,-5.929999799E-2,5.948596272E-2
3.832929631E0,3.299999982E-3,0.000000000E0,-4.949999973E-2,4.960987778E-2
3.842929631E0,2.399999881E-3,-9.999999747E-5,-5.929999799E-2,5.934862897E-2
3.852929631E0,8.100000210E-3,0.000000000E0,-3.969999775E-2,4.051789512E-2
3.862929631E0,6.099999882E-3,-9.999999747E-5,-5.920000002E-2,5.951352788E-2
3.872929631E0,-1.319999993E-2,0.000000000E0,-4.939999804E-2,5.113315758E-2
3.882929631E0,-3.399999812E-3,9.999999747E-5,-5.920000002E-2,5.929763908E-2
3.892929631E0,-1.310000010E-2,9.999999747E-5,-6.909999996E-2,7.033086092E-2
3.902929631E0,-2.290000021E-2,9.999999747E-5,-3.959999979E-2,4.574472639E-2
3.912929631E0,-3.299999982E-3,0.000000000E0,-4.939999804E-2,4.951009802E-2
3.922929631E0,-3.299999982E-3,0.000000000E0,-4.939999804E-2,4.951009802E-2
3.932929631E0,-1.299999934E-2,0.000000000E0,-4.939999804E-2,5.108189297E-2
3.942929631E0,6.499999668E-3,0.000000000E0,-3.959999979E-2,4.012991376E-2
3.952929631E0,-1.289999951E-2,-9.999999747E-5,-4.939999804E-2,5.105663320E-2
3.962929631E0,-3.099999856E-3,-9.999999747E-5,-4.939999804E-2,4.949727069E-2
3.972929631E0,-1.279999968E-2,-1.999999949E-4,-4.939999804E-2,5.103175284E-2
3.982929631E0,-1.269999985E-2,-9.999999747E-5,-6.909999996E-2,7.025745506E-2
3.992929631E0,-2.899999963E-3,-9.999999747E-5,-4.939999804E-2,4.948514733E-2
4.002929631E0,-2.600000007E-3,-9.999999747E-5,-4.939999804E-2,4.946847285E-2
4.012929631E0,-2.399999881E-3,-1.999999949E-4,-4.939999804E-2,4.945866765E-2
4.022929631E0,-1.200000010E-2,-9.999999747E-5,-4.949999973E-2,5.093387847E-2
4.032929631E0,-8.999999613E-3,-2.999999851E-4,-4.949999973E-2,5.031242358E-2
4.042929631E0,-5.299999844E-3,5.299999844E-3,-4.949999973E-2,5.006425841E-2
4.052929631E0,9.099999443E-3,-3.000000026E-3,-4.949999973E-2,5.041884532E-2
4.062929631E0,-5.999999703E-4,-1.999999862E-3,-4.949999973E-2,4.954402056E-2
4.072929631E0,-4.999999655E-4,-1.300000004E-3,-4.949999973E-2,4.951959181E-2
4.082929631E0,-3.999999899E-4,-8.999999845E-4,-4.949999973E-2,4.950979674E-2
4.092929631E0,-1.999999949E-4,-4.999999655E-4,-4.949999973E-2,4.950292894E-2
4.102929631E0,9.999999747E-5,-1.999999949E-4,-5.929999799E-2,5.930041957E-2
4.112929631E0,9.999999776E-3,-1.999999949E-4,-4.949999973E-2,5.050039573E-2
4.122929631E0,9.999999747E-5,-1.999999949E-4,-4.949999973E-2,4.950050478E-2
4.132929631E0,1.999999949E-4,-9.999999747E-5,-4.949999973E-2,4.950050478E-2
4.142929631E0,-9.599999525E-3,-9.999999747E-5,-4.949999973E-2,5.042241530E-2
4.152929631E0,-9.599999525E-3,-9.999999747E-5,-5.929999799E-2,6.007212125E-2
4.162929631E0,9.999999747E-5,-9.999999747E-5,-5.929999799E-2,5.930016662E-2
4.172929631E0,9.999999747E-5,0.000000000E0,-4.949999973E-2,4.950010074E-2
4.182929631E0,-9.599999525E-3,-9.999999747E-5,-4.949999973E-2,5.042241530E-2
4.192929631E0,-9.200000204E-3,-9.999999747E-5,-5.929999799E-2,6.000949729E-2
4.202929631E0,5.999999703E-4,-1.999999949E-4,-4.949999973E-2,4.950403997E-2
4.212929631E0,6.999999750E-4,-4.999999655E-4,-5.929999799E-2,5.930623712E-2
4.222929631E0,7.999999798E-4,-2.999999851E-4,-3.969999775E-2,3.970919064E-2
4.232929631E0,-8.700000122E-3,-3.999999899E-4,-3.969999775E-2,4.064406259E-2
4.242929631E0,-1.809999906E-2,-2.999999851E-4,-5.929999799E-2,6.200153004E-2
4.252929631E0,1.399999950E-3,-1.999999949E-4,-4.949999973E-2,4.952019763E-2
4.262929631E0,1.109999977E-2,-1.999999949E-4,-5.929999799E-2,6.033025573E-2
4.272929631E0,1.300000004E-3,-3.999999899E-4,-4.949999973E-2,4.951868307E-2
4.282929631E0,1.199999941E-3,-3.999999899E-4,-3.969999775E-2,3.972014377E-2
4.292929631E0,1.399999950E-3,-1.999999949E-4,-4.949999973E-2,4.952019763E-2
4.302929631E0,1.399999950E-3,-1.999999949E-4,-3.969999775E-2,3.972517868E-2
4.312929631E0,1.399999950E-3,-1.999999949E-4,-4.949999973E-2,4.952019763E-2
4.322929631E0,1.399999950E-3,-2.999999851E-4,-5.929999799E-2,5.931728046E-2
4.332929631E0,1.500000013E-3,-3.999999899E-4,-4.949999973E-2,4.952433718E-2
4.342929631E0,1.399999950E-3,-3.999999899E-4,-6.909999996E-2,6.911533835E-2
4.352929631E0,1.399999950E-3,-2.999999851E-4,-3.969999775E-2,3.972580800E-2
4.362929631E0,1.119999960E-2,-2.999999851E-4,-6.909999996E-2,7.000242843E-2
4.372929631E0,1.399999950E-3,-2.999999851E-4,-4.949999973E-2,4.952070247E-2
4.382929631E0,1.399999950E-3,-2.999999851E-4,-4.949999973E-2,4.952070247E-2
4.392929631E0,-8.299999870E-3,-3.999999899E-4,-7.889999449E-2,7.933636700E-2
4.402929631E0,1.119999960E-2,-2.999999851E-4,-4.949999973E-2,5.075214246E-2
4.412929631E0,-8.200000040E-3,-1.999999949E-4,-5.929999799E-2,5.986459523E-2
4.422929631E0,1.300000004E-3,-6.999999750E-4,-5.929999799E-2,5.931837625E-2
4.432929631E0,-8.700000122E-3,-9.999999311E-4,-3.969999775E-2,4.065439489E-2
4.442929631E0,1.079999935E-2,-1.099999994E-3,-4.949999973E-2,5.067642410E-2
4.452929631E0,-8.599999361E-3,-9.999999311E-4,-5.929999799E-2,5.992870556E-2
4.462929631E0,1.199999941E-3,-7.999999798E-4,-6.909999996E-2,6.911504898E-2
4.472929631E0,1.300000004E-3,-7.999999798E-4,-4.949999973E-2,4.952352949E-2
4.482929631E0,1.090000011E-2,-7.999999798E-4,-5.929999799E-2,6.029875424E-2
4.492929631E0,-8.599999361E-3,-8.999999845E-4,-3.969999775E-2,4.063077418E-2
4.502929631E0,-8.599999361E-3,-8.999999845E-4,-4.949999973E-2,5.024957674E-2
4.512929631E0,1.199999941E-3,-7.999999798E-4,-4.949999973E-2,4.952100537E-2
4.522929631E0,-8.399999700E-3,-7.999999798E-4,-5.929999799E-2,5.989732679E-2
4.532929631E0,1.300000004E-3,8.899999782E-3,-5.929999799E-2,5.997824403E-2
4.542929631E0,1.300000004E-3,-6.999999750E-4,-4.949999973E-2,4.952201504E-2
4.552929631E0,1.399999950E-3,-6.999999750E-4,-5.929999799E-2,5.932065206E-2
4.562929631E0,1.500000013E-3,-6.999999750E-4,-4.949999973E-2,4.952766877E-2
4.572929631E0,1.399999950E-3,-8.999999845E-4,-4.949999973E-2,4.952797162E-2
4.582929631E0,-7.999999449E-3,-9.999999311E-4,-6.909999996E-2,6.956874288E-2
4.592929631E0,1.899999916E-3,-7.999999798E-4,-5.929999799E-2,5.933582190E-2
4.602929631E0,-7.699999958E-3,-7.999999798E-4,-5.929999799E-2,5.980317517E-2
4.612929631E0,1.179999951E-2,-8.999999845E-4,-4.949999973E-2,5.089498956E-2
4.622929631E0,1.899999916E-3,-8.999999845E-4,-3.969999775E-2,3.975562628E-2
4.632929631E0,1.999999862E-3,-8.999999845E-4,-4.949999973E-2,4.954856176E-2
4.642929631E0,1.999999862E-3,-8.999999845E-4,-4.949999973E-2,4.954856176E-2
4.652929631E0,2.199999988E-3,-8.999999845E-4,-4.949999973E-2,4.955703758E-2
4.662929631E0,2.499999944E-3,-8.999999845E-4,-3.969999775E-2,3.978881528E-2
4.672929631E0,-7.100000046E-3,-8.999999845E-4,-3.969999775E-2,4.033992839E-2
4.682929631E0,1.249999925E-2,-7.999999798E-4,-4.949999973E-2,5.106016015E-2
4.692929631E0,-6.899999920E-3,-1.099999994E-3,-4.949999973E-2,4.999069886E-2
4.702929631E0,2.799999900E-3,-1.099999994E-3,-5.929999799E-2,5.937625586E-2
4.712929631E0,-6.799999624E-3,-1.300000004E-3,-4.949999973E-2,4.998179637E-2
4.722929631E0,2.699999837E-3,-1.500000013E-3,-5.929999799E-2,5.938038195E-2
4.732929631E0,2.600000007E-3,-1.699999906E-3,-5.929999799E-2,5.938130818E-2
4.742929631E0,2.699999837E-3,-1.799999969E-3,-5.929999799E-2,5.938871745E-2
4.752929631E0,-1.689999923E-2,-1.799999969E-3,-5.929999799E-2,6.168743580E-2
4.762929631E0,2.699999837E-3,-1.799999969E-3,-6.909999996E-2,6.917615192E-2
4.772929631E0,-7.100000046E-3,-1.799999969E-3,-5.929999799E-2,5.975064654E-2
4.782929631E0,-7.100000046E-3,-1.899999916E-3,-5.929999799E-2,5.975374266E-2
4.792929631E0,2.600000007E-3,-1.799999969E-3,-5.929999799E-2,5.938425516E-2
4.802929631E0,2.799999900E-3,-1.599999960E-3,-4.949999973E-2,4.960493900E-2
4.812929631E0,3.000000026E-3,-1.599999960E-3,-5.929999799E-2,5.939738850E-2
4.822929631E0,-6.499999668E-3,-1.899999916E-3,-4.949999973E-2,4.996108454E-2
4.832929631E0,1.299999934E-2,-1.899999916E-3,-6.909999996E-2,7.033789859E-2
4.842929631E0,3.000000026E-3,-1.899999916E-3,-6.909999996E-2,6.919118437E-2
4.852929631E0,-6.499999668E-3,-1.999999862E-3,-5.929999799E-2,5.968869035E-2
4.862929631E0,-6.099999882E-3,-2.099999925E-3,-5.929999799E-2,5.964989320E-2
4.872929631E0,-6.000000052E-3,-2.199999988E-3,-5.929999799E-2,5.964335471E-2
4.882929631E0,3.599999938E-3,-2.399999881E-3,-6.909999996E-2,6.923532331E-2
4.892929631E0,3.599999938E-3,-2.399999881E-3,-5.929999799E-2,5.945762996E-2
4.902929631E0,2.300000004E-2,-2.099999925E-3,-4.949999973E-2,5.462288875E-2
4.912929631E0,3.399999812E-3,-1.999999862E-3,-5.929999799E-2,5.943105046E-2
4.922929631E0,1.329999976E-2,-1.699999906E-3,-6.909999996E-2,7.038884847E-2
4.932929631E0,3.499999875E-3,-1.699999906E-3,-5.929999799E-2,5.942751686E-2
4.942929631E0,-6.099999882E-3,-1.799999969E-3,-5.929999799E-2,5.964008517E-2
4.952929631E0,-1.539999992E-2,-1.599999960E-3,-5.929999799E-2,6.128792506E-2
4.962929631E0,3.999999724E-3,-1.799999969E-3,-5.929999799E-2,5.946200265E-2
4.972929631E0,3.999999724E-3,-1.799999969E-3,-5.929999799E-2,5.946200265E-2
4.982929631E0,4.100000020E-3,-1.899999916E-3,-5.929999799E-2,5.947192414E-2
4.992929631E0,4.199999850E-3,-1.899999916E-3,-4.949999973E-2,4.971418280E-2
5.002929631E0,-5.499999970E-3,-1.799999969E-3,-4.949999973E-2,4.983713448E-2
5.012929631E0,-5.599999800E-3,-1.899999916E-3,-5.929999799E-2,5.959412520E-2
5.022929631E0,4.100000020E-3,-1.999999862E-3,-6.909999996E-2,6.925041512E-2
5.032929631E0,-5.699999630E-3,-1.999999862E-3,-5.929999799E-2,5.960687675E-2
5.042929631E0,3.999999724E-3,-2.099999925E-3,-3.969999775E-2,3.995622378E-2
5.052929631E0,-5.699999630E-3,-2.199999988E-3,-3.969999775E-2,4.016739744E-2
5.062929631E0,-5.499999970E-3,-2.300000051E-3,-4.949999973E-2,4.985769723E-2
5.072929631E0,4.199999850E-3,-2.300000051E-3,-4.949999973E-2,4.973107653E-2
5.082929631E0,4.299999680E-3,-2.099999925E-3,-5.929999799E-2,5.949277064E-2
5.092929631E0,3.899999894E-3,-2.099999925E-3,-4.949999973E-2,4.969778639E-2
5.102929631E0,4.100000020E-3,-1.899999916E-3,-6.909999996E-2,6.924759920E-2
5.112929631E0,4.199999850E-3,-2.300000051E-3,-6.909999996E-2,6.926572019E-2
5.122929631E0,1.399999950E-2,-2.399999881E-3,-5.929999799E-2,6.097745277E-2
5.132929631E0,-5.499999970E-3,-2.600000007E-3,-5.929999799E-2,5.961123854E-2
5.142929631E0,1.389999967E-2,-2.799999900E-3,-5.929999799E-2,6.097163071E-2
5.152929631E0,3.899999894E-3,-3.000000026E-3,-5.929999799E-2,5.950377938E-2
5.162929631E0,1.379999984E-2,-3.099999856E-3,-5.929999799E-2,6.096342966E-2
5.172929631E0,3.999999724E-3,-3.099999856E-3,-5.929999799E-2,5.951554215E-2
5.182929631E0,1.389999967E-2,-3.199999919E-3,-5.929999799E-2,6.099130882E-2
5.192929631E0,4.100000020E-3,-3.199999919E-3,-4.949999973E-2,4.977248209E-2
5.202929631E0,-1.539999992E-2,-3.199999919E-3,-5.929999799E-2,6.135054815E-2
5.212929631E0,-5.499999970E-3,-2.899999963E-3,-6.909999996E-2,6.937917551E-2
5.222929631E0,-5.200000014E-3,-2.600000007E-3,-6.909999996E-2,6.934414175E-2
5.232929631E0,-5.200000014E-3,-2.199999988E-3,-5.929999799E-2,5.956819421E-2
5.242929631E0,-5.399999674E-3,-2.399999881E-3,-4.949999973E-2,4.985147911E-2
5.252929631E0,4.100000020E-3,-2.499999944E-3,-4.949999973E-2,4.973238355E-2
5.262929631E0,1.379999984E-2,-2.499999944E-3,-5.929999799E-2,6.093586593E-2
5.272929631E0,3.700000001E-3,-2.699999837E-3,-4.949999973E-2,4.971146721E-2
5.282929631E0,3.599999938E-3,-2.699999837E-3,-5.929999799E-2,5.947049487E-2
5.292929631E0,-6.199999712E-3,-2.699999837E-3,-4.949999973E-2,4.995978352E-2
5.302929631E0,-6.399999838E-3,-3.000000026E-3,-4.949999973E-2,5.000209967E-2
5.312929631E0,3.599999938E-3,-3.000000026E-3,-5.929999799E-2,5.948487002E-2
5.322929631E0,3.700000001E-3,-3.000000026E-3,-3.969999775E-2,3.998474486E-2
5.332929631E0,3.799999831E-3,-3.000000026E-3,-4.949999973E-2,4.973620384E-2
5.342929631E0,3.899999894E-3,-3.099999856E-3,-5.929999799E-2,5.950890487E-2
5.352929631E0,-5.599999800E-3,-3.299999982E-3,-4.949999973E-2,4.992494338E-2
5.362929631E0,4.199999850E-3,-3.299999982E-3,-3.969999775E-2,4.005770613E-2
5.372929631E0,3.999999724E-3,-3.599999938E-3,-5.929999799E-2,5.954367942E-2
5.382929631E0,3.899999894E-3,-3.999999724E-3,-5.929999799E-2,5.956257011E-2
5.392929631E0,3.999999724E-3,-3.899999894E-3,-6.909999996E-2,6.932546424E-2
5.402929631E0,3.999999724E-3,-3.799999831E-3,-6.909999996E-2,6.931991050E-2
5.412929631E0,-5.599999800E-3,-3.700000001E-3,-4.949999973E-2,4.995297760E-2
5.422929631E0,3.999999724E-3,-3.700000001E-3,-5.929999799E-2,5.954980906E-2
5.432929631E0,3.999999724E-3,-3.700000001E-3,-4.949999973E-2,4.979899569E-2
5.442929631E0,3.700000001E-3,-3.700000001E-3,-5.929999799E-2,5.953041039E-2
5.452929631E0,3.599999938E-3,5.899999756E-3,-5.929999799E-2,5.970142174E-2
5.462929631E0,3.700000001E-3,-3.700000001E-3,-4.949999973E-2,4.977579707E-2
5.472929631E0,3.700000001E-3,-3.700000001E-3,-4.949999973E-2,4.977579707E-2
5.482929631E0,-6.799999624E-3,-4.499999806E-3,-5.929999799E-2,5.985799658E-2
5.492929631E0,2.799999900E-3,-4.600000102E-3,-4.949999973E-2,4.979206738E-2
5.502929631E0,-6.799999624E-3,-4.900000058E-3,-4.949999973E-2,5.020458115E-2
5.512929631E0,2.259999886E-2,-4.999999888E-3,-5.929999799E-2,6.365728323E-2
5.522929631E0,3.199999919E-3,-5.099999718E-3,-4.949999973E-2,4.986481696E-2
5.532929631E0,-6.399999838E-3,-5.099999718E-3,-5.929999799E-2,5.986200595E-2
5.542929631E0,3.299999982E-3,4.299999680E-3,-6.909999996E-2,6.931226437E-2
5.552929631E0,3.499999875E-3,-5.299999844E-3,-5.929999799E-2,5.963916296E-2
5.562929631E0,3.299999982E-3,-5.200000014E-3,-5.929999799E-2,5.961895471E-2
5.572929631E0,3.299999982E-3,-5.200000014E-3,-4.949999973E-2,4.988165969E-2
5.582929631E0,-6.199999712E-3,-5.299999844E-3,-5.929999799E-2,5.985833071E-2
5.592929631E0,3.599999938E-3,-5.299999844E-3,-5.929999799E-2,5.964511513E-2
5.602929631E0,-6.000000052E-3,-5.200000014E-3,-4.949999973E-2,5.013272359E-2
5.612929631E0,1.329999976E-2,-5.299999844E-3,-5.929999799E-2,6.100385031E-2
5.622929631E0,-6.099999882E-3,-5.099999718E-3,-6.909999996E-2,6.955594864E-2
5.632929631E0,-6.099999882E-3,-5.099999718E-3,-6.909999996E-2,6.955594864E-2
5.642929631E0,-5.899999756E-3,-5.099999718E-3,-4.949999973E-2,5.011057740E-2
5.652929631E0,-5.799999926E-3,-4.999999888E-3,-4.949999973E-2,5.008882082E-2
5.662929631E0,3.899999894E-3,-4.900000058E-3,-6.909999996E-2,6.938321119E-2
5.672929631E0,1.349999942E-2,-4.900000058E-3,-4.949999973E-2,5.154134222E-2
5.682931194E0,3.599999938E-3,-4.900000058E-3,-5.929999799E-2,5.961090304E-2
5.692931194E0,1.329999976E-2,-4.699999932E-3,-3.969999775E-2,4.213157740E-2
5.702929631E0,1.319999993E-2,-4.600000102E-3,-4.949999973E-2,5.143588215E-2
5.712929631E0,3.299999982E-3,-4.600000102E-3,-5.929999799E-2,5.956962113E-2
5.722929631E0,3.199999919E-3,-4.299999680E-3,-4.949999973E-2,4.978935599E-2
5.732929631E0,3.199999919E-3,-4.299999680E-3,-3.969999775E-2,4.006020242E-2
5.742929631E0,-6.599999964E-3,-4.299999680E-3,-4.949999973E-2,5.012284878E-2
5.752929631E0,-1.609999873E-2,-4.199999850E-3,-5.929999799E-2,6.159009432E-2
5.762929631E0,-6.300000008E-3,-4.699999932E-3,-4.949999973E-2,5.012015536E-2
5.772929631E0,1.319999993E-2,-4.699999932E-3,-4.949999973E-2,5.144492172E-2
5.782929631E0,1.319999993E-2,-4.699999932E-3,-4.949999973E-2,5.144492172E-2
5.792929631E0,3.399999812E-3,-4.699999932E-3,-4.949999973E-2,4.983873967E-2
5.802929631E0,3.599999938E-3,-4.699999932E-3,-5.929999799E-2,5.959479642E-2
5.812929631E0,3.499999875E-3,-4.799999762E-3,-5.929999799E-2,5.959680996E-2
5.822929631E0,3.599999938E-3,-4.600000102E-3,-5.929999799E-2,5.958699322E-2
5.832929631E0,3.799999831E-3,-4.399999976E-3,-4.949999973E-2,4.984024450E-2
5.842929631E0,-5.799999926E-3,-4.399999976E-3,-5.929999799E-2,5.974520700E-2
5.852929631E0,-5.799999926E-3,-4.499999806E-3,-4.949999973E-2,5.004138258E-2
5.862929631E0,3.999999724E-3,-4.499999806E-3,-5.929999799E-2,5.960486354E-2
5.872929631E0,1.370000001E-2,-4.299999680E-3,-4.949999973E-2,5.154056627E-2
5.882929631E0,3.599999938E-3,-4.199999850E-3,-4.949999973E-2,4.980813158E-2
5.892929631E0,1.329999976E-2,-4.100000020E-3,-5.929999799E-2,6.091132698E-2
5.902929631E0,1.319999993E-2,-4.299999680E-3,-5.929999799E-2,6.090336408E-2
5.912929631E0,-6.099999882E-3,-4.199999850E-3,-5.929999799E-2,5.976068740E-2
5.922929631E0,3.700000001E-3,-4.199999850E-3,-5.929999799E-2,5.956357746E-2
5.932929631E0,3.599999938E-3,-4.100000020E-3,-5.929999799E-2,5.955048078E-2
5.942929631E0,-5.899999756E-3,-3.999999724E-3,-3.969999775E-2,4.033484618E-2
5.952929631E0,1.339999959E-2,-3.899999894E-3,-4.949999973E-2,5.142975755E-2
5.962929631E0,3.399999812E-3,-3.999999724E-3,-5.929999799E-2,5.953192217E-2
5.972929631E0,-6.199999712E-3,-3.999999724E-3,-4.949999973E-2,5.004687770E-2
5.982929631E0,1.339999959E-2,-4.199999850E-3,-5.929999799E-2,6.094005045E-2
5.992929631E0,3.499999875E-3,-4.100000020E-3,-5.929999799E-2,5.954451915E-2
6.002929631E0,3.499999875E-3,-3.999999724E-3,-6.909999996E-2,6.930411237E-2
6.012929631E0,-6.099999882E-3,-4.199999850E-3,-4.949999973E-2,5.005097372E-2
6.022929631E0,3.700000001E-3,-4.100000020E-3,-4.949999973E-2,4.980712774E-2
6.032929631E0,-1.549999975E-2,-4.100000020E-3,-5.929999799E-2,6.142922556E-2
6.042929631E0,4.100000020E-3,-3.799999831E-3,-6.909999996E-2,6.932575275E-2
6.052929631E0,-5.499999970E-3,-3.799999831E-3,-4.949999973E-2,4.994937409E-2
6.062929631E0,4.199999850E-3,-3.700000001E-3,-4.949999973E-2,4.981545917E-2
6.072929631E0,4.100000020E-3,-3.599999938E-3,-4.949999973E-2,4.979979893E-2
6.082929631E0,-5.299999844E-3,-3.700000001E-3,-3.969999775E-2,4.022275252E-2
6.092929631E0,-5.099999718E-3,-3.399999812E-3,-4.949999973E-2,4.987805098E-2
6.102929631E0,-4.900000058E-3,-3.299999982E-3,-3.969999775E-2,4.013713769E-2
6.112931194E0,1.459999941E-2,-3.399999812E-3,-4.949999973E-2,5.172011171E-2
6.122929631E0,4.699999932E-3,-3.399999812E-3,-4.949999973E-2,4.983873967E-2
6.132929631E0,4.699999932E-3,-3.299999982E-3,-3.969999775E-2,4.011321255E-2
6.142929631E0,4.600000102E-3,-3.299999982E-3,-6.909999996E-2,6.933152238E-2
6.152929631E0,-4.900000058E-3,-3.099999856E-3,-4.949999973E-2,4.983843871E-2
6.162929631E0,4.699999932E-3,-3.099999856E-3,-4.949999973E-2,4.981917273E-2
6.172929631E0,4.600000102E-3,-3.000000026E-3,-3.969999775E-2,4.007804664E-2
6.182929631E0,4.600000102E-3,-2.899999963E-3,-4.949999973E-2,4.979779086E-2
6.192929631E0,4.499999806E-3,-2.799999900E-3,-4.949999973E-2,4.978292851E-2
6.202929631E0,1.409999933E-2,-2.899999963E-3,-5.929999799E-2,6.102220696E-2
6.212929631E0,-5.299999844E-3,-2.799999900E-3,-5.929999799E-2,5.960217915E-2
6.222929631E0,-1.509999949E-2,-2.799999900E-3,-5.929999799E-2,6.125634453E-2
6.232929631E0,4.499999806E-3,-2.699999837E-3,-4.949999973E-2,4.977740422E-2
6.242929631E0,-5.399999674E-3,-2.699999837E-3,-4.949999973E-2,4.986682233E-2
6.252929631E0,-5.299999844E-3,-2.699999837E-3,-5.929999799E-2,5.959756504E-2
6.262929631E0,4.799999762E-3,-2.300000051E-3,-4.949999973E-2,4.978533892E-2
6.272929631E0,4.799999762E-3,-2.300000051E-3,-4.949999973E-2,4.978533892E-2
6.282929631E0,4.799999762E-3,-2.399999881E-3,-4.949999973E-2,4.979005895E-2
6.292929631E0,-4.999999888E-3,-2.099999925E-3,-4.949999973E-2,4.979618431E-2
6.302929631E0,4.699999932E-3,-2.099999925E-3,-4.949999973E-2,4.976695663E-2
6.312929631E0,4.600000102E-3,-2.399999881E-3,-3.969999775E-2,4.003760510E-2
6.322929631E0,4.600000102E-3,-2.499999944E-3,-4.949999973E-2,4.977609842E-2
6.332929631E0,-5.200000014E-3,-2.499999944E-3,-5.929999799E-2,5.958002821E-2
6.342929631E0,4.600000102E-3,-2.499999944E-3,-5.929999799E-2,5.953066237E-2
6.352929631E0,4.699999932E-3,-2.600000007E-3,-5.929999799E-2,5.954275573E-2
6.362929631E0,2.449999936E-2,-2.399999881E-3,-6.909999996E-2,7.335407257E-2
6.372929631E0,-4.699999932E-3,6.999999750E-3,-5.929999799E-2,5.989640855E-2
6.382929631E0,5.099999718E-3,-2.399999881E-3,-5.929999799E-2,5.956727086E-2
6.392929631E0,4.900000058E-3,-2.300000051E-3,-4.949999973E-2,4.979507982E-2
6.402929631E0,2.429999970E-2,-2.399999881E-3,-5.929999799E-2,6.413064592E-2
6.412929631E0,-4.900000058E-3,-2.399999881E-3,-4.949999973E-2,4.979979893E-2
6.422929631E0,4.699999932E-3,-2.300000051E-3,-3.969999775E-2,4.004334928E-2
6.432929631E0,4.699999932E-3,-2.199999988E-3,-3.969999775E-2,4.003772997E-2
6.442929631E0,-1.459999941E-2,-2.199999988E-3,-5.929999799E-2,6.111047164E-2
6.452929631E0,4.799999762E-3,-1.999999862E-3,-4.949999973E-2,4.977238160E-2
6.462929631E0,-4.799999762E-3,-1.999999862E-3,-5.929999799E-2,5.952755461E-2
6.472929631E0,-4.699999932E-3,-2.099999925E-3,-4.949999973E-2,4.976695663E-2
6.482929631E0,-1.469999924E-2,-2.399999881E-3,-4.949999973E-2,5.169235873E-2
6.492929631E0,4.799999762E-3,-2.399999881E-3,-4.949999973E-2,4.979005895E-2
6.502929631E0,-4.900000058E-3,-2.399999881E-3,-4.949999973E-2,4.979979893E-2
6.512929631E0,-4.799999762E-3,-2.399999881E-3,-4.949999973E-2,4.979005895E-2
6.522929631E0,-4.799999762E-3,-1.219999976E-2,-4.949999973E-2,5.120673750E-2
6.532929631E0,4.799999762E-3,-2.600000007E-3,-4.949999973E-2,4.980010011E-2
6.542929631E0,4.900000058E-3,-2.600000007E-3,-3.969999775E-2,4.008565607E-2
6.552929631E0,4.900000058E-3,-2.600000007E-3,-5.929999799E-2,5.955887643E-2
6.562929631E0,4.799999762E-3,-2.699999837E-3,-4.949999973E-2,4.980542109E-2
6.572929631E0,1.480000000E-2,-2.399999881E-3,-3.969999775E-2,4.243689222E-2
6.582929631E0,1.480000000E-2,-2.399999881E-3,-5.929999799E-2,6.116608342E-2
6.592929631E0,5.299999844E-3,-2.099999925E-3,-3.969999775E-2,4.010722902E-2
6.602929631E0,1.519999932E-2,-1.999999862E-3,-3.969999775E-2,4.255737070E-2
6.612929631E0,5.299999844E-3,-2.099999925E-3,-5.929999799E-2,5.957339808E-2
6.622929631E0,1.529999916E-2,-1.999999862E-3,-3.969999775E-2,4.259318954E-2
6.632929631E0,5.499999970E-3,-2.099999925E-3,-5.929999799E-2,5.959152423E-2
6.642929631E0,1.539999992E-2,-2.199999988E-3,-4.949999973E-2,5.188689595E-2
6.652929631E0,5.599999800E-3,-2.199999988E-3,-5.929999799E-2,5.960444412E-2
6.662929631E0,1.539999992E-2,-2.300000051E-3,-4.949999973E-2,5.189123212E-2
6.672929631E0,5.599999800E-3,-2.399999881E-3,-5.929999799E-2,5.961216116E-2
6.682929631E0,5.599999800E-3,-2.399999881E-3,-3.969999775E-2,4.016478332E-2
6.692929631E0,-4.100000020E-3,-2.499999944E-3,-4.949999973E-2,4.973238355E-2
6.702929631E0,5.499999970E-3,-2.399999881E-3,-4.949999973E-2,4.986241042E-2
6.712929631E0,-4.199999850E-3,-2.499999944E-3,-4.949999973E-2,4.974072750E-2
6.722929631E0,5.200000014E-3,-2.499999944E-3,-4.949999973E-2,4.983512791E-2
6.732932756E0,5.099999718E-3,-2.600000007E-3,-5.929999799E-2,5.957566414E-2
6.742929631E0,4.999999888E-3,-2.499999944E-3,-4.949999973E-2,4.981465620E-2
6.752929631E0,4.900000058E-3,-2.399999881E-3,-4.949999973E-2,4.979979893E-2
6.762929631E0,4.799999762E-3,-2.300000051E-3,-4.949999973E-2,4.978533892E-2
6.772929631E0,1.449999958E-2,-2.499999944E-3,-5.929999799E-2,6.109819759E-2
6.782929631E0,4.799999762E-3,-2.600000007E-3,-5.929999799E-2,5.955073265E-2
6.792929631E0,-4.799999762E-3,-2.399999881E-3,-5.929999799E-2,5.954233585E-2
6.802929631E0,-1.439999975E-2,-2.300000051E-3,-5.929999799E-2,6.106668285E-2
6.812929631E0,4.999999888E-3,-2.199999988E-3,-4.949999973E-2,4.980050173E-2
6.822929631E0,-4.699999932E-3,-1.999999862E-3,-5.929999799E-2,5.951957459E-2
6.832929631E0,-4.600000102E-3,-1.699999906E-3,-4.949999973E-2,4.974233583E-2
6.842929631E0,1.459999941E-2,-1.799999969E-3,-3.969999775E-2,4.233780585E-2
6.852929631E0,-4.900000058E-3,-1.799999969E-3,-3.969999775E-2,4.004172601E-2
6.862929631E0,-1.449999958E-2,-1.599999960E-3,-4.949999973E-2,5.160484436E-2
6.872929631E0,-1.439999975E-2,8.200000040E-3,-3.969999775E-2,4.301964453E-2
6.882929631E0,5.099999718E-3,-1.599999960E-3,-5.929999799E-2,5.954040442E-2
6.892929631E0,1.469999924E-2,-1.699999906E-3,-5.929999799E-2,6.111848933E-2
6.902929631E0,1.429999992E-2,-1.699999906E-3,-5.929999799E-2,6.102351808E-2
6.912929631E0,-4.999999888E-3,-1.899999916E-3,-4.949999973E-2,4.978815092E-2
6.922929631E0,-4.900000058E-3,-1.899999916E-3,-5.929999799E-2,5.953242613E-2
6.932929631E0,4.799999762E-3,-1.799999969E-3,-6.909999996E-2,6.928989820E-2
6.942929631E0,-4.799999762E-3,-1.799999969E-3,-5.929999799E-2,5.952117068E-2
6.952929631E0,4.799999762E-3,-1.799999969E-3,-5.929999799E-2,5.952117068E-2
6.962929631E0,5.200000014E-3,-1.599999960E-3,-3.969999775E-2,4.007105965E-2
6.972929631E0,5.099999718E-3,-1.500000013E-3,-5.929999799E-2,5.953780109E-2
6.982929631E0,1.489999983E-2,-1.699999906E-3,-4.949999973E-2,5.172185194E-2
6.992929631E0,-4.699999932E-3,-1.500000013E-3,-6.909999996E-2,6.927589764E-2
7.002929631E0,-1.449999958E-2,-1.399999950E-3,-6.909999996E-2,7.061883589E-2
7.012929631E0,4.999999888E-3,-1.300000004E-3,-5.929999799E-2,5.952461474E-2
7.022929631E0,-4.799999762E-3,-1.199999941E-3,-4.949999973E-2,4.974665789E-2
7.032929631E0,-4.699999932E-3,-1.099999994E-3,-5.929999799E-2,5.949613231E-2
7.042929631E0,4.999999888E-3,-9.999999311E-4,-5.929999799E-2,5.951881854E-2
7.052929631E0,-4.799999762E-3,-8.999999845E-4,-4.949999973E-2,4.974032540E-2
7.062929631E0,1.469999924E-2,-7.999999798E-4,-4.949999973E-2,5.164281122E-2
7.072929631E0,-4.799999762E-3,-7.999999798E-4,-6.909999996E-2,6.927113391E-2
7.082929631E0,-4.699999932E-3,-4.999999655E-4,-6.909999996E-2,6.926146110E-2
7.092929631E0,4.900000058E-3,-4.999999655E-4,-5.929999799E-2,5.950419953E-2
7.102929631E0,4.699999932E-3,-3.999999899E-4,-5.929999799E-2,5.948730756E-2
7.112929631E0,-4.999999888E-3,-3.999999899E-4,-5.929999799E-2,5.951176153E-2
7.122929631E0,4.699999932E-3,-1.999999949E-4,-6.909999996E-2,6.925994509E-2
7.132929631E0,-4.999999888E-3,-9.999999747E-5,-5.929999799E-2,5.951050126E-2
7.142929631E0,-4.900000058E-3,-9.999999747E-5,-5.929999799E-2,5.950218283E-2
7.152929631E0,-1.459999941E-2,0.000000000E0,-4.949999973E-2,5.160823535E-2
7.162929631E0,4.799999762E-3,-9.999999747E-5,-5.929999799E-2,5.949403129E-2
7.172929631E0,4.600000102E-3,-9.999999747E-5,-4.949999973E-2,4.971337822E-2
7.182929631E0,4.499999806E-3,9.399999864E-3,-5.929999799E-2,6.020880132E-2
7.192929631E0,-5.200000014E-3,-1.999999949E-4,-6.909999996E-2,6.929567083E-2
7.202929631E0,4.399999976E-3,-9.999999747E-5,-5.929999799E-2,5.946309579E-2
7.212929631E0,4.299999680E-3,-9.999999747E-5,-5.929999799E-2,5.945577986E-2
7.222929631E0,4.199999850E-3,-9.999999747E-5,-5.929999799E-2,5.944863127E-2
7.232929631E0,-5.499999970E-3,-9.999999747E-5,-4.949999973E-2,4.980471838E-2
7.242929631E0,-5.399999674E-3,0.000000000E0,-5.929999799E-2,5.954535882E-2
7.252929631E0,4.199999850E-3,0.000000000E0,-5.929999799E-2,5.944854716E-2
7.262929631E0,-5.399999674E-3,0.000000000E0,-5.929999799E-2,5.954535882E-2
7.272929631E0,-4.999999888E-3,0.000000000E0,-5.929999799E-2,5.951041724E-2
7.282929631E0,1.429999992E-2,0.000000000E0,-6.909999996E-2,7.056415516E-2
7.292929631E0,4.199999850E-3,0.000000000E0,-5.929999799E-2,5.944854716E-2
7.302929631E0,4.299999680E-3,0.000000000E0,-5.929999799E-2,5.945569576E-2
7.312929631E0,4.199999850E-3,9.999999747E-5,-6.909999996E-2,6.922759561E-2
7.322929631E0,-1.519999932E-2,2.999999851E-4,-3.969999775E-2,4.251140789E-2
7.332929631E0,4.299999680E-3,0.000000000E0,-4.949999973E-2,4.968641636E-2
7.342929631E0,4.199999850E-3,9.999999747E-5,-5.929999799E-2,5.944863127E-2
7.352929631E0,-1.529999916E-2,0.000000000E0,-3.969999775E-2,4.254620777E-2
7.362929631E0,-5.399999674E-3,0.000000000E0,-4.949999973E-2,4.979367400E-2
7.372929631E0,4.199999850E-3,0.000000000E0,-6.909999996E-2,6.922752338E-2
7.382929631E0,3.999999724E-3,9.999999747E-5,-5.929999799E-2,5.943483624E-2
7.392929631E0,1.359999925E-2,1.999999949E-4,-5.929999799E-2,6.083986966E-2
7.402929631E0,3.899999894E-3,0.000000000E0,-5.929999799E-2,5.942810581E-2
7.412929631E0,3.999999724E-3,1.999999949E-4,-5.929999799E-2,5.943508862E-2
7.422929631E0,3.899999894E-3,2.999999851E-4,-3.969999775E-2,3.989222757E-2
7.432929631E0,-5.799999926E-3,4.999999655E-4,-4.949999973E-2,4.984114738E-2
7.442929631E0,-5.699999630E-3,4.999999655E-4,-5.929999799E-2,5.957541235E-2
7.452929631E0,3.700000001E-3,2.999999851E-4,-6.909999996E-2,6.919963869E-2
7.462929631E0,3.499999875E-3,2.999999851E-4,-5.929999799E-2,5.940395408E-2
7.472929631E0,3.399999812E-3,1.999999949E-4,-5.929999799E-2,5.939772521E-2
7.482929631E0,3.099999856E-3,9.999999747E-5,-6.909999996E-2,6.916957419E-2
7.492929631E0,3.000000026E-3,9.999999747E-5,-4.949999973E-2,4.959092632E-2
7.502929631E0,1.249999925E-2,2.999999851E-4,-4.949999973E-2,5.105477406E-2
7.512929631E0,-6.999999750E-3,3.999999899E-4,-5.929999799E-2,5.971306187E-2
7.522929631E0,2.799999900E-3,4.999999655E-4,-6.909999996E-2,6.915851354E-2
7.532929631E0,2.499999944E-3,2.999999851E-4,-5.929999799E-2,5.935343091E-2
7.542929631E0,-1.719999872E-2,9.999999747E-5,-4.949999973E-2,5.240324350E-2
7.552929631E0,-1.719999872E-2,0.000000000E0,-5.929999799E-2,6.174406625E-2
7.562929631E0,2.399999881E-3,0.000000000E0,-5.929999799E-2,5.934854472E-2
7.572929631E0,1.219999976E-2,9.999999747E-5,-5.929999799E-2,6.054204948E-2
7.582929631E0,-7.400000002E-3,1.999999949E-4,-6.909999996E-2,6.949539550E-2
7.592929631E0,2.699999837E-3,1.999999949E-4,-5.929999799E-2,5.936177019E-2
7.602929631E0,2.600000007E-3,1.999999949E-4,-4.949999973E-2,4.956863901E-2
7.612929631E0,-6.999999750E-3,9.999999747E-5,-4.949999973E-2,4.999259915E-2
7.622929631E0,2.699999837E-3,0.000000000E0,-4.949999973E-2,4.957358140E-2
7.632929631E0,1.239999942E-2,0.000000000E0,-4.949999973E-2,5.102950087E-2
7.642929631E0,-6.899999920E-3,-1.999999949E-4,-5.929999799E-2,5.970041675E-2
7.652929631E0,-6.899999920E-3,-1.999999949E-4,-4.949999973E-2,4.997899531E-2
7.662929631E0,2.799999900E-3,-9.999999747E-5,-5.929999799E-2,5.936614996E-2
7.672929631E0,2.499999944E-3,0.000000000E0,-5.929999799E-2,5.935267273E-2
7.682929631E0,2.399999881E-3,-9.999999747E-5,-5.929999799E-2,5.934862897E-2
7.692929631E0,-7.199999876E-3,0.000000000E0,-5.929999799E-2,5.973549832E-2
7.702929631E0,2.159999870E-2,9.999999747E-5,-5.929999799E-2,6.311148631E-2
7.712929631E0,-7.799999788E-3,0.000000000E0,-6.909999996E-2,6.953883801E-2
7.722929631E0,-7.699999958E-3,0.000000000E0,-3.969999775E-2,4.043982964E-2
7.732929631E0,1.899999916E-3,0.000000000E0,-5.929999799E-2,5.933042862E-2
7.742929631E0,1.899999916E-3,0.000000000E0,-5.929999799E-2,5.933042862E-2
7.752929631E0,-7.599999662E-3,0.000000000E0,-5.929999799E-2,5.978502953E-2
7.762929631E0,1.159999985E-2,0.000000000E0,-5.929999799E-2,6.042391710E-2
7.772929631E0,-7.599999662E-3,2.999999851E-4,-4.949999973E-2,5.008093418E-2
7.782929631E0,1.150000002E-2,9.999999747E-5,-5.929999799E-2,6.040488193E-2
7.792929631E0,1.150000002E-2,3.999999899E-4,-4.949999973E-2,5.081987774E-2
7.802929631E0,-2.709999867E-2,2.999999851E-4,-3.969999775E-2,4.806859421E-2
7.812929631E0,2.099999925E-3,2.999999851E-4,-5.929999799E-2,5.933792852E-2
7.822929631E0,-7.499999832E-3,1.999999949E-4,-4.949999973E-2,5.006535699E-2
7.832929631E0,2.099999925E-3,2.999999851E-4,-4.949999973E-2,4.954543342E-2
7.842929631E0,-7.499999832E-3,2.999999851E-4,-4.949999973E-2,5.006585634E-2
7.852929631E0,1.169999968E-2,3.999999899E-4,-4.949999973E-2,5.086550861E-2
7.862929631E0,2.300000051E-3,6.999999750E-4,-5.929999799E-2,5.934871322E-2
7.872929631E0,-7.599999662E-3,6.999999750E-4,-5.929999799E-2,5.978912741E-2
7.882929631E0,2.399999881E-3,6.999999750E-4,-4.949999973E-2,4.956309083E-2
7.892929631E0,1.209999993E-2,7.999999798E-4,-5.929999799E-2,6.052718199E-2
7.902929631E0,-7.599999662E-3,5.999999703E-4,-4.949999973E-2,5.008362974E-2
7.912929631E0,1.799999969E-3,4.999999655E-4,-5.929999799E-2,5.932941733E-2
7.922931194E0,1.159999985E-2,4.999999655E-4,-5.929999799E-2,6.042598578E-2
7.932929631E0,-7.899999619E-3,4.999999655E-4,-5.929999799E-2,5.982599565E-2
7.942929631E0,-7.999999449E-3,3.999999899E-4,-5.929999799E-2,5.983853067E-2
7.952929631E0,1.799999969E-3,5.999999703E-4,-3.969999775E-2,3.974531194E-2
7.962929631E0,1.169999968E-2,8.999999845E-4,-5.929999799E-2,6.044989457E-2
7.972929631E0,-1.759999990E-2,3.999999899E-4,-4.949999973E-2,5.253731978E-2
7.982929631E0,1.599999960E-3,2.999999851E-4,-2.989999950E-2,2.994428109E-2
7.992929631E0,-1.789999940E-2,1.999999949E-4,-5.929999799E-2,6.194303625E-2
8.002929631E0,1.699999906E-3,2.999999851E-4,-4.949999973E-2,4.953009159E-2
8.012929631E0,1.699999906E-3,4.999999655E-4,-5.929999799E-2,5.932646762E-2
8.022929631E0,1.699999906E-3,4.999999655E-4,-3.969999775E-2,3.973952467E-2
8.032929631E0,-7.999999449E-3,3.999999899E-4,-5.929999799E-2,5.983853067E-2
8.042929631E0,1.699999906E-3,3.999999899E-4,-6.909999996E-2,6.912206590E-2
8.052929631E0,-8.200000040E-3,0.000000000E0,-4.949999973E-2,5.017459491E-2
8.062929631E0,-8.299999870E-3,-1.999999949E-4,-5.929999799E-2,5.987837472E-2
8.072929631E0,1.500000013E-3,-3.999999899E-4,-3.969999775E-2,3.973033881E-2
8.082929631E0,-8.299999870E-3,-3.999999899E-4,-4.949999973E-2,5.019262865E-2
8.092929631E0,1.399999950E-3,-2.999999851E-4,-4.949999973E-2,4.952070247E-2
8.102929631E0,1.199999941E-3,-2.999999851E-4,-4.949999973E-2,4.951545186E-2
8.112929631E0,-2.779999934E-2,-3.999999899E-4,-3.969999775E-2,4.846740951E-2
8.122929631E0,-8.200000040E-3,0.000000000E0,-4.949999973E-2,5.017459491E-2
8.132929631E0,1.500000013E-3,0.000000000E0,-4.949999973E-2,4.952272179E-2
8.142929631E0,1.159999985E-2,0.000000000E0,-5.929999799E-2,6.042391710E-2
8.152929631E0,-8.200000040E-3,-1.999999949E-4,-4.949999973E-2,5.017499351E-2
8.162929631E0,1.599999960E-3,-3.999999899E-4,-4.949999973E-2,4.952746686E-2
8.172929631E0,-1.789999940E-2,-2.999999851E-4,-4.949999973E-2,5.263791363E-2
8.182929631E0,1.139999926E-2,-2.999999851E-4,-3.969999775E-2,4.130544522E-2
8.192929631E0,1.500000013E-3,-3.999999899E-4,-3.969999775E-2,3.973033881E-2
8.202929631E0,-8.200000040E-3,-4.999999655E-4,-4.949999973E-2,5.017708615E-2
8.212929631E0,1.500000013E-3,-3.999999899E-4,-6.909999996E-2,6.911743626E-2
8.222929631E0,1.500000013E-3,-3.999999899E-4,-5.929999799E-2,5.932031491E-2
8.232929631E0,-7.999999449E-3,-4.999999655E-4,-2.989999950E-2,3.095577428E-2
8.242929631E0,1.599999960E-3,-2.999999851E-4,-4.949999973E-2,4.952676017E-2
8.252929631E0,-7.999999449E-3,-1.999999949E-4,-3.969999775E-2,4.049851618E-2
8.262929631E0,-7.899999619E-3,-1.999999949E-4,-5.929999799E-2,5.982424053E-2
8.272929631E0,-7.799999788E-3,-9.999999747E-5,-4.949999973E-2,5.011087676E-2
8.282929631E0,1.129999943E-2,-9.999999747E-5,-5.929999799E-2,6.036712473E-2
8.292929631E0,1.399999950E-3,-9.999999747E-5,-3.969999775E-2,3.972480109E-2
8.302929631E0,2.080000006E-2,0.000000000E0,-6.909999996E-2,7.216266346E-2
8.312929631E0,1.099999994E-2,-9.999999747E-5,-4.949999973E-2,5.070759285E-2
8.322929631E0,-8.399999700E-3,-1.999999949E-4,-5.929999799E-2,5.989231801E-2
8.332929631E0,1.199999941E-3,-1.999999949E-4,-4.949999973E-2,4.951494697E-2
8.342929631E0,1.079999935E-2,-9.999999747E-5,-4.949999973E-2,5.066458289E-2
8.352929631E0,8.999999845E-4,-9.999999747E-5,-5.929999799E-2,5.930691158E-2
8.362929631E0,-8.700000122E-3,-1.999999949E-4,-4.949999973E-2,5.025912828E-2
8.372929631E0,9.999999311E-4,0.000000000E0,-5.929999799E-2,5.930842909E-2
8.382929631E0,-8.599999361E-3,-9.999999747E-5,-5.929999799E-2,5.992044518E-2
8.392929631E0,-8.499999531E-3,-1.999999949E-4,-5.929999799E-2,5.990642497E-2
8.402929631E0,1.500000013E-3,0.000000000E0,-4.949999973E-2,4.952272179E-2
8.412929631E0,-7.799999788E-3,0.000000000E0,-3.969999775E-2,4.045898934E-2
8.422929631E0,1.799999969E-3,0.000000000E0,-4.949999973E-2,4.953271619E-2
8.432929631E0,-7.899999619E-3,-1.999999949E-4,-5.929999799E-2,5.982424053E-2
8.442929631E0,-8.100000210E-3,-2.999999851E-4,-3.969999775E-2,4.051900573E-2
8.452929631E0,1.500000013E-3,-3.999999899E-4,-4.949999973E-2,4.952433718E-2
8.462929631E0,1.699999906E-3,0.000000000E0,-4.949999973E-2,4.952918305E-2
8.472929631E0,1.699999906E-3,0.000000000E0,-4.949999973E-2,4.952918305E-2
8.482929631E0,1.699999906E-3,0.000000000E0,-3.969999775E-2,3.973637907E-2
8.492929631E0,-8.100000210E-3,0.000000000E0,-3.969999775E-2,4.051789512E-2
8.502929631E0,1.139999926E-2,0.000000000E0,-4.949999973E-2,5.079576711E-2
8.512929631E0,-8.200000040E-3,1.999999949E-4,-4.949999973E-2,5.017499351E-2
8.522929631E0,-7.999999449E-3,6.999999750E-4,-4.949999973E-2,5.014718302E-2
8.532929631E0,-8.100000210E-3,5.999999703E-4,-5.929999799E-2,5.985365289E-2
8.542929631E0,1.599999960E-3,5.999999703E-4,-4.949999973E-2,4.952948590E-2
8.552929631E0,-8.299999870E-3,5.999999703E-4,-4.949999973E-2,5.019462094E-2
8.562929631E0,-8.299999870E-3,5.999999703E-4,-3.969999775E-2,4.056278860E-2
8.572929631E0,-8.200000040E-3,6.999999750E-4,-4.949999973E-2,5.017947762E-2
8.582929631E0,1.500000013E-3,7.999999798E-4,-4.949999973E-2,4.952918305E-2
8.592929631E0,1.399999950E-3,8.999999845E-4,-4.949999973E-2,4.952797162E-2
8.602929631E0,1.199999941E-3,8.999999845E-4,-4.949999973E-2,4.952272179E-2
8.612929631E0,-8.599999361E-3,1.099999994E-3,-4.949999973E-2,5.025355671E-2
8.622929631E0,-8.599999361E-3,1.099999994E-3,-4.949999973E-2,5.025355671E-2
8.632929631E0,9.999999311E-4,9.999999311E-4,-5.929999799E-2,5.931685899E-2
8.642929631E0,9.999999311E-4,1.099999994E-3,-6.909999996E-2,6.911598943E-2
8.652929631E0,8.999999845E-4,1.300000004E-3,-4.949999973E-2,4.952524582E-2
8.662929631E0,9.999999311E-4,1.300000004E-3,-5.929999799E-2,5.932267493E-2
8.672929631E0,-8.200000040E-3,1.599999960E-3,-4.949999973E-2,5.020009934E-2
8.682929631E0,1.399999950E-3,1.599999960E-3,-4.949999973E-2,4.954563526E-2
8.692929631E0,1.599999960E-3,1.599999960E-3,-5.929999799E-2,5.934315260E-2
8.702929631E0,-7.599999662E-3,1.799999969E-3,-4.949999973E-2,5.011237340E-2
8.712929631E0,1.999999862E-3,1.799999969E-3,-4.949999973E-2,4.957307710E-2
8.722929631E0,-1.740000024E-2,1.699999906E-3,-3.969999775E-2,4.337902523E-2
8.732929631E0,-7.799999788E-3,1.399999950E-3,-3.969999775E-2,4.048320415E-2
8.742929631E0,-7.799999788E-3,1.699999906E-3,-4.949999973E-2,5.013960480E-2
8.752929631E0,1.129999943E-2,1.500000013E-3,-5.929999799E-2,6.038567503E-2
8.762929631E0,-1.809999906E-2,1.500000013E-3,-5.929999799E-2,6.201894652E-2
8.772929631E0,1.500000013E-3,1.399999950E-3,-4.949999973E-2,4.954250673E-2
8.782929631E0,1.129999943E-2,1.599999960E-3,-5.929999799E-2,6.038824180E-2
8.792929631E0,2.109999955E-2,1.699999906E-3,-5.929999799E-2,6.296498822E-2
8.802929631E0,1.500000013E-3,1.599999960E-3,-5.929999799E-2,5.934054062E-2
8.812929631E0,-8.200000040E-3,1.799999969E-3,-3.969999775E-2,4.057794749E-2
8.822929631E0,1.399999950E-3,1.699999906E-3,-2.989999950E-2,2.998099347E-2
8.832929631E0,1.099999994E-2,1.599999960E-3,-3.969999775E-2,4.122680948E-2
8.842929631E0,-8.599999361E-3,1.500000013E-3,-4.949999973E-2,5.026390318E-2
8.852929631E0,-8.700000122E-3,1.300000004E-3,-3.969999775E-2,4.066288017E-2
8.862929631E0,1.199999941E-3,1.500000013E-3,-5.929999799E-2,5.933110281E-2
8.872929631E0,9.999999311E-4,1.300000004E-3,-3.969999775E-2,3.973386240E-2
8.882929631E0,8.999999845E-4,1.300000004E-3,-4.949999973E-2,4.952524582E-2
8.892929631E0,8.999999845E-4,1.099999994E-3,-3.969999775E-2,3.972543041E-2
8.902929631E0,-8.499999531E-3,1.199999941E-3,-4.949999973E-2,5.023882926E-2
8.912929631E0,1.500000013E-3,1.300000004E-3,-6.909999996E-2,6.912850349E-2
8.922929631E0,-8.100000210E-3,1.300000004E-3,-4.949999973E-2,5.017519284E-2
8.932929631E0,1.699999906E-3,1.300000004E-3,-4.949999973E-2,4.954624076E-2
8.942929631E0,1.799999969E-3,9.999999311E-4,-5.929999799E-2,5.933573764E-2
8.952929631E0,1.899999916E-3,9.999999311E-4,-2.989999950E-2,2.997699067E-2
8.962929631E0,-7.999999449E-3,1.099999994E-3,-5.929999799E-2,5.984730363E-2
8.972929631E0,1.129999943E-2,9.999999311E-4,-4.949999973E-2,5.078326457E-2
8.982929631E0,1.599999960E-3,7.999999798E-4,-4.949999973E-2,4.953231242E-2
8.992929631E0,1.599999960E-3,1.099999994E-3,-5.929999799E-2,5.933177699E-2
9.002929631E0,-7.899999619E-3,1.099999994E-3,-4.949999973E-2,5.013850783E-2
9.012929631E0,-7.999999449E-3,1.099999994E-3,-4.949999973E-2,5.015436137E-2
9.022929631E0,-7.999999449E-3,1.300000004E-3,-4.949999973E-2,5.015914637E-2
9.032929631E0,1.699999906E-3,1.199999941E-3,-3.969999775E-2,3.975449435E-2
9.042929631E0,-7.599999662E-3,1.500000013E-3,-4.949999973E-2,5.010249463E-2
