"Time (s)","Linear Acceleration x (m/s^2)","Linear Acceleration y (m/s^2)","Linear Acceleration z (m/s^2)"
0.000000000E0,-1.223399997E0,6.627999544E-1,-1.379299998E0
1.000000000E-2,-3.999999899E-4,-9.999999747E-5,-1.176999956E-1
2.000000000E-2,-3.999999899E-4,9.200000204E-3,-9.809999913E-2
3.000000000E-2,8.399999700E-3,-4.999999655E-4,-9.809999913E-2
4.000000000E-2,1.609999873E-2,-3.999999899E-4,-1.078999937E-1
5.000000000E-2,1.349999942E-2,-8.599999361E-3,-8.829999715E-2
6.000000000E-2,-1.329999976E-2,8.999999845E-4,-9.809999913E-2
7.000000000E-2,-2.899999963E-3,8.799999952E-3,-9.809999913E-2
8.000000000E-2,5.399999674E-3,7.100000046E-3,-9.809999913E-2
9.000000000E-2,1.229999959E-2,-2.099999925E-3,-9.809999913E-2
1.000000000E-1,1.899999916E-3,-1.699999906E-3,-9.809999913E-2
1.100000000E-1,1.399999950E-3,-8.899999782E-3,-7.849999517E-2
1.200000000E-1,-6.799999624E-3,8.599999361E-3,-9.809999913E-2
1.300000000E-1,9.999999776E-3,-8.999999845E-4,-8.829999715E-2
1.400000000E-1,9.999999747E-5,6.899999920E-3,-8.829999715E-2
1.500000000E-1,-8.200000040E-3,-1.229999959E-2,-7.849999517E-2
1.600000000E-1,2.699999837E-3,-5.999999703E-4,-7.849999517E-2
1.700015620E-1,2.149999887E-2,-1.850000024E-2,-8.829999715E-2
1.800000000E-1,-6.399999838E-3,8.700000122E-3,-8.829999715E-2
1.900000000E-1,-5.200000014E-3,6.999999750E-3,-8.829999715E-2
2.000000000E-1,-4.199999850E-3,5.599999800E-3,-7.849999517E-2
2.100000000E-1,-3.399999812E-3,-3.099999856E-3,-8.829999715E-2
2.200000000E-1,1.239999942E-2,-9.899999946E-3,-7.849999517E-2
2.300000000E-1,1.179999951E-2,1.030000020E-2,-8.829999715E-2
2.400000000E-1,1.500000013E-3,-7.100000046E-3,-7.849999517E-2
2.500000000E-1,9.999999311E-4,9.999999776E-3,-8.829999715E-2
2.600000000E-1,5.999999703E-4,1.049999986E-2,-8.829999715E-2
2.700000000E-1,7.899999619E-3,6.999999750E-4,-7.840000093E-2
2.800000000E-1,-8.599999361E-3,7.799999788E-3,-5.879999697E-2
2.900000000E-1,1.300000004E-3,-4.999999655E-4,-7.849999517E-2
3.000000000E-1,7.999999798E-4,-4.999999655E-4,-8.829999715E-2
3.100000000E-1,-6.899999920E-3,-7.599999662E-3,-6.870000064E-2
3.200000000E-1,2.099999925E-3,9.499999695E-3,-7.849999517E-2
3.300000000E-1,-6.000000052E-3,7.599999662E-3,-7.849999517E-2
3.400000000E-1,-4.900000058E-3,-1.599999960E-3,-7.849999517E-2
3.500000000E-1,-3.899999894E-3,-8.799999952E-3,-7.849999517E-2
3.600000000E-1,1.239999942E-2,8.700000122E-3,-8.829999715E-2
3.700000000E-1,1.899999916E-3,-5.999999703E-4,-7.849999517E-2
3.800000000E-1,1.399999950E-3,7.199999876E-3,-7.849999517E-2
3.900000000E-1,-6.799999624E-3,-1.899999916E-3,-8.829999715E-2
4.000000000E-1,1.260000002E-2,7.899999619E-3,-7.849999517E-2
4.100000000E-1,2.799999900E-3,-1.599999960E-3,-6.870000064E-2
4.200000000E-1,2.499999944E-3,-1.399999950E-3,-7.849999517E-2
4.300000000E-1,2.499999944E-3,-1.199999941E-3,-7.849999517E-2
4.400000000E-1,2.499999944E-3,-8.999999845E-4,-8.829999715E-2
4.500000000E-1,2.399999881E-3,-1.040000003E-2,-6.870000064E-2
4.600000000E-1,1.209999993E-2,-4.999999655E-4,-8.829999715E-2
4.700000000E-1,-7.499999832E-3,9.399999864E-3,-6.870000064E-2
4.800000000E-1,-7.599999662E-3,-1.999999949E-4,-7.849999517E-2
4.900000000E-1,-7.699999958E-3,9.499999695E-3,-8.829999715E-2
5.000000000E-1,-7.799999788E-3,-9.699999355E-3,-6.870000064E-2
5.100000000E-1,1.150000002E-2,9.899999946E-3,-7.849999517E-2
5.200000000E-1,-1.889999956E-2,1.699999906E-3,-7.849999517E-2
5.300000000E-1,9.999999747E-5,1.099999994E-3,-7.849999517E-2
5.400000000E-1,0.000000000E0,-5.899999756E-3,-7.849999517E-2
5.500000000E-1,-9.999999747E-5,9.800000116E-3,-6.859999895E-2
5.600000000E-1,-1.459999941E-2,0.000000000E0,-6.870000064E-2
5.700000000E-1,3.499999875E-3,7.400000002E-3,-6.870000064E-2
5.800000000E-1,2.499999944E-3,5.699999630E-3,-6.870000064E-2
5.900000000E-1,-5.699999630E-3,4.399999976E-3,-6.870000064E-2
6.000000000E-1,-4.600000102E-3,-3.899999894E-3,-6.870000064E-2
6.100000000E-1,1.150000002E-2,-3.000000026E-3,-7.849999517E-2
6.200031250E-1,8.599999361E-3,5.200000014E-3,-6.859999895E-2
6.300000000E-1,8.399999700E-3,-4.299999680E-3,-7.840000093E-2
6.400000000E-1,8.299999870E-3,5.499999970E-3,-8.829999715E-2
6.500000000E-1,-1.599999960E-3,5.599999800E-3,-6.859999895E-2
6.600000000E-1,8.100000210E-3,5.699999630E-3,-7.840000093E-2
6.700000000E-1,1.779999956E-2,5.899999756E-3,-7.840000093E-2
6.800000000E-1,-1.899999916E-3,6.099999882E-3,-6.859999895E-2
6.900000000E-1,-1.899999916E-3,6.199999712E-3,-5.879999697E-2
7.000000000E-1,-1.899999916E-3,6.399999838E-3,-6.859999895E-2
7.100000000E-1,1.740000024E-2,6.599999964E-3,-6.859999895E-2
7.200000000E-1,-2.300000051E-3,-2.899999963E-3,-7.840000093E-2
7.300000000E-1,-2.300000051E-3,6.899999920E-3,-6.859999895E-2
7.400000000E-1,-2.399999881E-3,7.100000046E-3,-7.840000093E-2
7.500000000E-1,-2.600000007E-3,-2.499999944E-3,-7.840000093E-2
7.600000000E-1,-2.600000007E-3,-2.300000051E-3,-7.840000093E-2
7.700000000E-1,6.999999750E-3,7.599999662E-3,-6.859999895E-2
7.800000000E-1,-1.269999985E-2,-1.999999862E-3,-7.840000093E-2
7.900000000E-1,6.599999964E-3,7.899999619E-3,-6.859999895E-2
8.000000000E-1,-3.199999919E-3,7.999999449E-3,-6.859999895E-2
8.100000000E-1,-3.299999982E-3,-1.500000013E-3,-6.859999895E-2
8.200000000E-1,-3.499999875E-3,8.200000040E-3,-7.840000093E-2
8.300000000E-1,6.099999882E-3,-1.399999950E-3,-7.840000093E-2
8.400000000E-1,-3.700000001E-3,-1.199999941E-3,-6.859999895E-2
8.500000000E-1,-3.799999831E-3,-1.079999935E-2,-6.859999895E-2
8.600000000E-1,-3.799999831E-3,-7.999999798E-4,-6.859999895E-2
8.700000000E-1,5.699999630E-3,8.999999613E-3,-6.859999895E-2
8.800000000E-1,-1.379999984E-2,-4.999999655E-4,-6.859999895E-2
8.900000000E-1,-3.999999724E-3,9.399999864E-3,-6.859999895E-2
9.000000000E-1,-4.100000020E-3,-1.999999949E-4,-6.859999895E-2
9.100000000E-1,-2.369999886E-2,9.599999525E-3,-5.879999697E-2
9.200000000E-1,-1.379999984E-2,9.699999355E-3,-6.859999895E-2
9.300000000E-1,-4.199999850E-3,-9.599999525E-3,-7.840000093E-2
9.400000000E-1,-4.199999850E-3,9.999999747E-5,-6.859999895E-2
9.500000000E-1,-1.409999933E-2,-9.399999864E-3,-5.879999697E-2
9.600000000E-1,5.299999844E-3,1.030000020E-2,-6.859999895E-2
9.700000000E-1,-4.499999806E-3,6.999999750E-4,-7.840000093E-2
9.800000000E-1,5.099999718E-3,8.999999845E-4,-5.879999697E-2
9.900000000E-1,-4.600000102E-3,1.090000011E-2,-5.879999697E-2
1.000000000E0,-4.699999932E-3,1.109999977E-2,-6.859999895E-2
1.010000000E0,4.900000058E-3,1.129999943E-2,-7.840000093E-2
1.020000000E0,4.799999762E-3,1.699999906E-3,-6.859999895E-2
1.030000000E0,4.600000102E-3,1.139999926E-2,-3.920000046E-2
1.040000000E0,4.499999806E-3,1.799999969E-3,-1.078999937E-1
1.050000000E0,-1.529999916E-2,1.179999951E-2,-6.859999895E-2
1.060000000E0,-1.499999966E-2,1.169999968E-2,-4.899999872E-2
1.070000000E0,4.299999680E-3,2.099999925E-3,-9.809999913E-2
1.080000000E0,-5.599999800E-3,-7.299999706E-3,-5.879999697E-2
1.090000000E0,-2.489999868E-2,1.219999976E-2,-3.920000046E-2
1.100000000E0,1.389999967E-2,-6.999999750E-3,-9.809999913E-2
1.110000000E0,-5.599999800E-3,2.899999963E-3,-4.899999872E-2
1.120000000E0,-5.499999970E-3,2.899999963E-3,-6.859999895E-2
1.130000000E0,-5.599999800E-3,-6.399999838E-3,-8.819999546E-2
1.140000000E0,-5.699999630E-3,3.399999812E-3,-5.879999697E-2
1.150000000E0,-1.519999932E-2,3.499999875E-3,-4.899999872E-2
1.160000000E0,4.100000020E-3,5.799999926E-3,-8.829999715E-2
1.170000000E0,-2.899999963E-3,2.899999963E-3,-5.879999697E-2
1.180000000E0,-1.999999862E-3,1.999999862E-3,-6.859999895E-2
1.190000000E0,5.599999800E-3,1.500000013E-3,-7.840000093E-2
1.200000000E0,1.169999968E-2,1.399999950E-3,-8.819999546E-2
1.210000000E0,-5.799999926E-3,8.399999700E-3,-6.859999895E-2
1.220000000E0,-4.799999762E-3,-7.999999798E-4,-8.819999546E-2
1.230000000E0,-3.700000001E-3,6.899999920E-3,-6.859999895E-2
1.240000000E0,-2.799999900E-3,-1.999999862E-3,-5.879999697E-2
1.250000000E0,5.399999674E-3,-9.300000034E-3,-8.819999546E-2
1.260000000E0,-3.199999919E-3,3.999999899E-4,-5.879999697E-2
1.270000000E0,6.399999838E-3,1.030000020E-2,-8.829999715E-2
1.280000000E0,-1.310000010E-2,1.040000003E-2,-6.859999895E-2
1.290000000E0,-2.279999852E-2,-9.099999443E-3,1.950000040E-2
1.300000000E0,-5.379999802E-2,1.229999959E-2,3.039000034E-1
1.310000000E0,1.669999957E-2,7.400000002E-3,-1.176999956E-1
1.320000000E0,3.539999947E-2,-2.539999969E-2,-5.098999739E-1
1.330000000E0,2.399999881E-3,1.599999890E-2,6.859999895E-2
1.340000000E0,2.999999851E-4,7.699999958E-3,-1.078999937E-1
1.350000000E0,-2.699999837E-3,9.999999776E-3,-1.960999966E-1
1.360000000E0,-1.319999993E-2,2.039999887E-2,5.869999900E-2
1.370000000E0,-5.299999844E-3,2.169999853E-2,-1.372999996E-1
1.380000000E0,-7.299999706E-3,1.339999959E-2,-1.274999976E-1
1.390000000E0,-2.769999951E-2,1.389999967E-2,-2.939999849E-2
1.400000000E0,-9.699999355E-3,2.469999902E-2,-1.078999937E-1
1.410000000E0,-1.019999944E-2,1.539999992E-2,-3.920000046E-2
1.420000000E0,-1.079999935E-2,6.199999712E-3,-9.800000116E-3
1.430000000E0,-1.219999976E-2,-2.499999944E-3,-1.078999937E-1
1.440000000E0,-1.329999976E-2,1.789999940E-2,-5.889999866E-2
1.450000000E0,-1.389999967E-2,2.859999985E-2,-9.809999913E-2
1.460000000E0,-1.459999941E-2,1.960000023E-2,-9.809999913E-2
1.470000000E0,-1.509999949E-2,3.999999899E-4,-6.870000064E-2
1.480000000E0,-1.549999975E-2,1.049999986E-2,-4.910000041E-2
1.490000000E0,-1.620000042E-2,1.099999994E-2,-9.809999913E-2
1.500000000E0,-1.679999940E-2,1.699999906E-3,-7.849999517E-2
1.510000000E0,-1.349999942E-2,2.510000020E-2,-3.920000046E-2
1.520000000E0,-1.439999975E-2,1.649999991E-2,-7.849999517E-2
1.530000000E0,-1.519999932E-2,1.769999973E-2,-4.910000041E-2
1.540000000E0,-1.609999873E-2,8.999999613E-3,-8.829999715E-2
1.550000000E0,-1.669999957E-2,1.979999989E-2,-5.889999866E-2
1.560000000E0,-1.709999889E-2,7.999999798E-4,-4.910000041E-2
1.570000000E0,-1.779999956E-2,1.150000002E-2,-6.870000064E-2
1.580000000E0,-1.829999872E-2,1.209999993E-2,-6.870000064E-2
1.590000000E0,-1.879999973E-2,2.899999963E-3,-3.929999843E-2
1.600000000E0,-1.950000040E-2,3.599999938E-3,-7.849999517E-2
1.610000000E0,-2.060000040E-2,1.409999933E-2,-9.809999913E-2
1.620000000E0,-2.119999938E-2,1.459999941E-2,-3.929999843E-2
1.630000000E0,-2.199999988E-2,1.509999949E-2,-3.929999843E-2
1.640000000E0,-2.329999954E-2,1.609999873E-2,-6.870000064E-2
1.650000000E0,-2.429999970E-2,6.999999750E-3,-4.910000041E-2
1.660000000E0,-2.579999901E-2,2.759999968E-2,-7.859999686E-2
1.670000000E0,-1.740000024E-2,8.899999782E-3,-5.889999866E-2
1.680000000E0,-2.859999985E-2,1.960000023E-2,-1.079999954E-1
1.690000000E0,-2.939999849E-2,1.049999986E-2,-9.820000082E-2
1.700000000E0,-2.309999987E-2,8.499999531E-3,-2.950000018E-2
1.710000000E0,-2.439999953E-2,1.899999939E-2,-9.820000082E-2
1.720000000E0,-3.579999879E-2,1.979999989E-2,4.879999906E-2
1.730000000E0,-2.789999917E-2,3.070000000E-2,-1.569999903E-1
1.740000000E0,-3.039999865E-2,-4.629999772E-2,6.839999557E-2
1.750000000E0,7.699999958E-3,1.370000001E-2,-3.727999926E-1
1.760000000E0,-3.289999813E-2,-4.999999888E-3,1.860999912E-1
1.770000000E0,-3.170000017E-2,5.350000039E-2,-2.648999989E-1
1.780000000E0,-2.539999969E-2,-3.599999938E-3,6.839999557E-2
1.790000000E0,-5.219999701E-2,5.389999971E-2,1.939999871E-2
1.800000000E0,6.229999661E-2,-6.149999797E-2,-4.021999836E-1
1.810000000E0,-3.969999775E-2,5.799999833E-2,5.849999934E-2
1.820000000E0,-3.559999913E-2,1.709999889E-2,8.799999952E-2
1.830000000E0,4.869999737E-2,9.200000204E-3,-3.139999807E-1
1.840000000E0,-4.050000012E-2,5.869999900E-2,3.889999911E-2
1.850000000E0,-3.920000046E-2,-4.999999655E-4,1.075999960E-1
1.860000000E0,2.439999953E-2,4.120000079E-2,-1.669999957E-1
1.870000000E0,-4.759999737E-2,2.369999886E-2,-1.375999898E-1
1.880000000E0,-4.869999737E-2,2.449999936E-2,-6.889999658E-2
1.890000000E0,-5.020000041E-2,1.539999992E-2,-6.889999658E-2
1.900000000E0,-1.099999994E-3,2.169999853E-2,-8.850000054E-2
1.910000000E0,-1.200000010E-2,3.399999812E-3,-1.989999972E-2
1.920000000E0,-5.150000006E-2,1.429999992E-2,-1.989999972E-2
1.930000000E0,-4.360000044E-2,1.609999873E-2,-9.839999676E-2
1.940000000E0,-2.639999986E-2,2.759999968E-2,-8.859999478E-2
1.950000000E0,-8.299999870E-3,2.889999934E-2,-8.859999478E-2
1.960000000E0,-1.929999888E-2,1.019999944E-2,-5.920000002E-2
1.970000000E0,-2.939999849E-2,3.039999865E-2,-9.839999676E-2
1.980000000E0,-2.989999950E-2,3.089999966E-2,-4.939999804E-2
1.990000000E0,-3.999999911E-2,2.139999904E-2,-6.899999827E-2
2.000000000E0,-1.500000013E-3,2.300000051E-3,-6.899999827E-2
2.010000000E0,2.719999850E-2,-1.669999957E-2,-5.920000002E-2
2.020000000E0,-2.799999900E-3,2.309999987E-2,-7.889999449E-2
2.030000000E0,-5.299999937E-2,1.420000009E-2,-1.180999950E-1
2.040000000E0,-6.300000101E-2,4.389999807E-2,-3.969999775E-2
2.050000000E0,-6.250000000E-2,4.389999807E-2,-8.869999647E-2
2.060000000E0,-2.369999886E-2,1.480000000E-2,-3.969999775E-2
2.070000000E0,-5.499999970E-3,3.500000015E-2,-9.849999845E-2
2.080000000E0,-3.529999778E-2,1.569999941E-2,-8.869999647E-2
2.090000000E0,-2.850000001E-2,4.799999762E-3,-3.959999979E-2
2.100000000E0,-3.959999979E-2,-4.399999976E-3,-8.869999647E-2
2.110000000E0,-1.500000013E-3,1.549999975E-2,-5.929999799E-2
2.120000000E0,-1.300000004E-3,1.299999934E-2,-6.899999827E-2
2.130000000E0,-2.199999988E-2,1.379999984E-2,-3.959999979E-2
2.140000000E0,-3.500000015E-2,1.989999972E-2,-6.899999827E-2
2.150000000E0,-2.699999884E-2,2.129999921E-2,-7.880000025E-2
2.160000000E0,-1.899999939E-2,1.279999968E-2,-9.849999845E-2
2.170000000E0,-1.079999935E-2,1.379999984E-2,-4.939999804E-2
2.180003125E0,-2.559999935E-2,2.829999849E-2,-7.880000025E-2
2.190003125E0,1.059999969E-2,3.009999916E-2,-1.989999972E-2
2.200000000E0,-1.040000003E-2,3.289999813E-2,-4.939999804E-2
2.210003125E0,-4.169999808E-2,-3.399999812E-3,-6.899999827E-2
2.220000000E0,-1.439999975E-2,8.999999613E-3,-9.849999845E-2
2.230000000E0,3.199999919E-3,-1.809999906E-2,-4.949999973E-2
2.240003125E0,-2.129999921E-2,1.730000041E-2,-4.939999804E-2
2.250003125E0,-3.170000017E-2,-1.999999949E-4,-4.939999804E-2
2.260000000E0,-9.099999443E-3,0.000000000E0,-1.999999955E-2
2.270003125E0,7.899999619E-3,1.200000010E-2,-1.083000004E-1
2.280003125E0,-5.200000014E-3,-2.449999936E-2,-6.909999996E-2
2.290000000E0,-3.729999810E-2,-2.229999937E-2,-6.909999996E-2
2.300000000E0,-5.819999799E-2,8.700000122E-3,-6.909999996E-2
2.310000000E0,-3.859999776E-2,1.960000023E-2,-9.860000014E-2
2.320000000E0,1.999999955E-2,2.049999870E-2,-2.989999950E-2
2.330000000E0,4.869999737E-2,4.109999910E-2,-6.920000166E-2
2.340000000E0,-1.150000002E-2,2.249999903E-2,-5.939999968E-2
2.350000000E0,-7.159999758E-2,6.250000000E-2,-7.899999619E-2
2.360000000E0,-7.140000165E-2,5.299999937E-2,-9.860000014E-2
2.370000000E0,-6.059999764E-2,2.349999920E-2,-5.939999968E-2
2.380003125E0,-1.199999941E-3,4.319999740E-2,-2.999999933E-2
2.390003125E0,-2.129999921E-2,4.360000044E-2,-6.920000166E-2
2.400000000E0,-4.239999875E-2,5.439999700E-2,-7.899999619E-2
2.410000000E0,-3.359999880E-2,6.489999592E-2,-8.879999816E-2
2.420000000E0,-1.420000009E-2,8.489999920E-2,-7.899999619E-2
2.430000000E0,-3.799999831E-3,8.469999582E-2,-6.920000166E-2
2.440000000E0,-2.279999852E-2,8.460000157E-2,-7.899999619E-2
2.450000000E0,-2.279999852E-2,7.469999790E-2,-5.939999968E-2
2.460000000E0,-2.319999970E-2,8.489999920E-2,-6.920000166E-2
2.470000000E0,-3.599999938E-3,8.540000021E-2,-5.939999968E-2
2.480000000E0,5.599999800E-3,8.500000089E-2,-8.889999986E-2
2.490000000E0,-1.420000009E-2,1.042999998E-1,-3.979999945E-2
2.500000000E0,-3.370000049E-2,9.429999441E-2,-6.920000166E-2
2.510000000E0,-2.349999920E-2,1.332999915E-1,-7.899999619E-2
2.520000000E0,-2.329999954E-2,1.428999901E-1,-4.959999770E-2
2.530000000E0,-3.309999779E-2,1.525000036E-1,-4.959999770E-2
2.540000000E0,-3.899999894E-3,2.111999989E-1,-6.920000166E-2
2.550000000E0,2.520000003E-2,2.696999907E-1,-6.920000166E-2
2.560000000E0,1.509999949E-2,2.495999932E-1,-8.879999816E-2
2.570000000E0,4.999999888E-3,3.568999767E-1,-5.939999968E-2
2.580000000E0,-4.900000058E-3,4.148999751E-1,-8.879999816E-2
2.590000000E0,-2.410000004E-2,4.043000042E-1,-4.959999770E-2
2.600000000E0,-1.339999959E-2,4.423999786E-1,-7.899999619E-2
2.610000000E0,-2.699999837E-3,4.509999752E-1,-7.899999619E-2
2.620000000E0,-1.239999942E-2,4.399999976E-1,-5.939999968E-2
2.630000000E0,2.609999850E-2,4.582999945E-1,-4.949999973E-2
2.640000000E0,4.470000044E-2,4.765999913E-1,-6.920000166E-2
2.650000000E0,6.369999796E-2,5.342999697E-1,-2.989999950E-2
2.660000000E0,5.379999802E-2,5.816999674E-1,-1.083999947E-1
2.670000000E0,1.469999924E-2,5.702999830E-1,-3.969999775E-2
2.680000000E0,1.519999932E-2,5.978999734E-1,-1.083000004E-1
2.690000000E0,-1.409999933E-2,6.159999967E-1,-7.889999449E-2
2.700000000E0,-1.420000009E-2,5.852000117E-1,-5.929999799E-2
2.710000000E0,4.999999888E-3,5.936999917E-1,-5.929999799E-2
2.720000000E0,1.469999924E-2,5.432000160E-1,-5.929999799E-2
2.730000000E0,6.340000033E-2,5.123000145E-1,-5.929999799E-2
2.740000000E0,5.339999869E-2,5.106999874E-1,-5.929999799E-2
2.750000000E0,4.349999875E-2,4.993999898E-1,-3.959999979E-2
2.760000000E0,2.400000021E-2,4.684999883E-1,-5.920000002E-2
2.770000000E0,-2.479999885E-2,4.573999941E-1,-6.899999827E-2
2.780000000E0,-3.429999948E-2,4.368000031E-1,-1.474999934E-1
2.790000000E0,4.799999762E-3,3.964000046E-1,-1.999999955E-2
2.800000000E0,1.429999992E-2,4.147999883E-1,-7.880000025E-2
2.810000000E0,2.369999886E-2,4.037999809E-1,-5.920000002E-2
2.820000000E0,5.269999802E-2,4.223999977E-1,-6.899999827E-2
2.830000000E0,5.229999870E-2,3.527999818E-1,-2.979999967E-2
2.840000000E0,8.100000024E-2,3.225999773E-1,-7.880000025E-2
2.850000000E0,1.096000001E-1,4.296999872E-1,-3.959999979E-2
2.860000000E0,5.989999697E-2,3.111999929E-1,-9.839999676E-2
2.870000000E0,1.049999986E-2,3.691999912E-1,-3.999999899E-4
2.880000000E0,2.049999870E-2,3.289999962E-1,-1.376999915E-1
2.890000000E0,1.599999960E-3,4.160999954E-1,-7.880000025E-2
2.900000000E0,-1.659999974E-2,3.558000028E-1,-8.859999478E-2
2.910000000E0,-2.520000003E-2,3.446999788E-1,-1.989999972E-2
2.920000000E0,-2.459999919E-2,3.237999976E-1,-6.899999827E-2
2.930000000E0,-5.399999768E-2,3.130999804E-1,-6.889999658E-2
2.940000000E0,3.899999894E-3,2.926999927E-1,-1.081999987E-1
2.950000000E0,1.260000002E-2,2.821999788E-1,-3.949999809E-2
2.960000000E0,1.159999985E-2,3.208000064E-1,-9.839999676E-2
2.970000000E0,-8.599999361E-3,3.005999923E-1,-5.920000002E-2
2.980000000E0,-8.799999952E-3,3.193999827E-1,-1.081999987E-1
2.990000000E0,-1.869999990E-2,2.888999879E-1,-4.930000007E-2
3.000000000E0,-1.840000041E-2,3.073999882E-1,-1.081999987E-1
3.010000000E0,3.089999966E-2,3.161000013E-1,-4.930000007E-2
3.020000000E0,-7.999999449E-3,3.445000052E-1,-1.081999987E-1
3.030000000E0,8.799999952E-3,2.690999806E-1,-5.920000002E-2
3.040000000E0,-1.069999952E-2,3.226999938E-1,-8.859999478E-2
3.050000000E0,-2.049999870E-2,2.946999967E-1,-4.930000007E-2
3.060000000E0,-2.039999887E-2,3.034999967E-1,-7.869999856E-2
3.070000000E0,-2.029999904E-2,3.296999931E-1,-6.889999658E-2
3.080000000E0,-2.029999904E-2,2.856000066E-1,-7.869999856E-2
3.090000000E0,-3.979999945E-2,3.578999937E-1,-3.949999809E-2
3.100000000E0,-5.909999833E-2,3.409000039E-1,-1.080999970E-1
3.110000000E0,-5.949999765E-2,3.425999880E-1,-5.909999833E-2
3.120000000E0,-6.949999928E-2,3.829999864E-1,-8.850000054E-2
3.130000000E0,-6.969999522E-2,3.346999884E-1,-6.889999658E-2
3.140000000E0,-7.959999889E-2,3.252999783E-1,-1.081999987E-1
3.150000000E0,-4.059999809E-2,3.252999783E-1,-3.949999809E-2
3.160000000E0,-2.149999887E-2,2.956999838E-1,-8.850000054E-2
3.170000000E0,-2.229999937E-2,3.445000052E-1,-7.869999856E-2
3.180000000E0,6.199999712E-3,3.048999906E-1,-8.859999478E-2
3.190000000E0,-1.389999967E-2,3.240999877E-1,-5.909999833E-2
3.200000000E0,-3.379999846E-2,3.331999779E-1,-7.880000025E-2
3.210000000E0,-3.359999880E-2,3.420999944E-1,-6.899999827E-2
3.220000000E0,-3.319999948E-2,3.507999778E-1,-5.909999833E-2
3.230000000E0,-1.319999993E-2,3.495000005E-1,-8.859999478E-2
3.240000000E0,-3.269999847E-2,3.484999835E-1,-2.969999984E-2
3.250000000E0,-7.229999453E-2,3.181000054E-1,-7.869999856E-2
3.260000000E0,-5.319999903E-2,2.680999935E-1,-7.880000025E-2
3.270000000E0,-2.439999953E-2,3.163000047E-1,-5.909999833E-2
3.280000000E0,-2.469999902E-2,3.154000044E-1,-7.880000025E-2
3.290000000E0,-3.469999880E-2,3.339000046E-1,-7.880000025E-2
3.300000000E0,-2.510000020E-2,3.034999967E-1,-9.839999676E-2
3.310000000E0,-3.519999981E-2,3.024999797E-1,-3.949999809E-2
3.320000000E0,-2.559999935E-2,3.014999926E-1,-4.930000007E-2
3.330000000E0,-1.599999890E-2,3.104999959E-1,-5.920000002E-2
3.340000000E0,-2.579999901E-2,3.389999866E-1,-6.899999827E-2
3.350000000E0,-1.620000042E-2,3.183999956E-1,-9.839999676E-2
3.360000000E0,3.199999919E-3,2.779999971E-1,-3.949999809E-2
3.370000000E0,-6.599999964E-3,2.769999802E-1,-6.899999827E-2
3.380000000E0,-2.620000020E-2,2.760999799E-1,-8.859999478E-2
3.390000000E0,-5.559999868E-2,3.044999838E-1,-4.939999804E-2
3.400000000E0,-3.830000013E-2,2.313999981E-1,-1.083000004E-1
3.410000000E0,-3.979999945E-2,2.597000003E-1,-2.979999967E-2
3.420000000E0,-1.159999985E-2,2.856999934E-1,-8.859999478E-2
3.430000000E0,-1.310000010E-2,2.906999886E-1,-5.920000002E-2
3.440000000E0,2.449999936E-2,2.845999897E-1,-8.859999478E-2
3.450000000E0,1.339999959E-2,3.068999946E-1,-5.920000002E-2
3.460000000E0,1.260000002E-2,2.988999784E-1,-6.899999827E-2
3.470000000E0,-2.699999884E-2,3.098999858E-1,-8.859999478E-2
3.480000000E0,-4.659999907E-2,3.007999957E-1,-6.899999827E-2
3.490000000E0,-3.659999743E-2,3.012000024E-1,-7.880000025E-2
3.500000000E0,-1.709999889E-2,3.208000064E-1,-5.920000002E-2
3.510000000E0,-1.740000024E-2,2.815999985E-1,-7.880000025E-2
3.520000000E0,-2.809999883E-2,3.500999808E-1,-8.859999478E-2
3.530000000E0,-5.829999968E-2,2.909999788E-1,-8.859999478E-2
3.540000000E0,-7.849999517E-2,3.298999965E-1,-7.880000025E-2
3.550000000E0,-6.849999726E-2,3.095999956E-1,-4.939999804E-2
3.560000000E0,-7.769999653E-2,2.696000040E-1,-6.899999827E-2
3.570000000E0,-8.669999987E-2,2.981999815E-1,-6.899999827E-2
3.580000000E0,-8.599999547E-2,2.775999904E-1,-6.899999827E-2
3.590000000E0,-9.559999406E-2,3.159999847E-1,-6.899999827E-2
3.600000000E0,-1.053999960E-1,3.643999994E-1,-7.880000025E-2
3.610000000E0,-8.590000123E-2,3.046999872E-1,-7.880000025E-2
3.620000000E0,-8.630000055E-2,3.722999990E-1,-9.839999676E-2
3.630000000E0,-4.729999974E-2,3.714999855E-1,-7.880000025E-2
3.640000000E0,-6.729999930E-2,3.901999891E-1,-6.899999827E-2
3.650000000E0,-3.830000013E-2,3.990999758E-1,-4.939999804E-2
3.660000000E0,-4.869999737E-2,3.982999921E-1,-2.979999967E-2
3.670000000E0,-9.899999946E-3,3.288999796E-1,-6.909999996E-2
3.680000000E0,9.730000049E-2,2.299999893E-1,-7.889999449E-2
3.690000000E0,1.263999939E-1,2.879999876E-1,-9.849999845E-2
3.700000000E0,3.759999946E-2,3.753999770E-1,-3.969999775E-2
3.710000000E0,-6.089999899E-2,3.059999943E-1,-7.889999449E-2
3.720000000E0,-2.169999853E-2,3.245999813E-1,-8.869999647E-2
3.730000000E0,7.499999832E-3,2.255999893E-1,-8.869999647E-2
3.740000000E0,-9.070000052E-2,2.540999949E-1,-7.889999449E-2
3.750000000E0,6.799999624E-3,5.669000149E-1,-3.969999775E-2
3.760000000E0,-3.269999847E-2,1.837999970E-1,-2.259999961E-1
3.770000000E0,1.132999957E-1,2.318999916E-1,9.200000204E-3
3.780000000E0,5.419999734E-2,3.684999943E-1,-1.279999912E-1
3.790000000E0,1.321000010E-1,3.388999999E-1,-4.999999655E-4
3.800000000E0,1.607999951E-1,2.016000003E-1,-8.879999816E-2
3.810000000E0,3.229999915E-2,1.423999965E-1,1.899999939E-2
3.820000000E0,-3.579999879E-2,1.420999914E-1,-1.573999971E-1
3.830000000E0,4.279999807E-2,1.419999897E-1,2.879999951E-2
3.840000000E0,-1.609999873E-2,1.908999979E-1,-1.083999947E-1
3.850000000E0,9.089999646E-2,-3.429999948E-2,-1.867999882E-1
3.860000000E0,2.070000023E-2,1.131999940E-1,-5.939999968E-2
3.870000000E0,1.989999972E-2,2.504999936E-1,-8.879999816E-2
3.880000000E0,6.939999759E-2,5.379999802E-2,-6.920000166E-2
3.890000000E0,7.919999957E-2,1.518999934E-1,3.859999776E-2
3.900000000E0,3.929999843E-2,2.305999994E-1,2.879999951E-2
3.910000000E0,1.270000041E-1,1.035999954E-1,-1.673000008E-1
3.920000000E0,3.849999979E-2,1.428999901E-1,1.899999939E-2
3.930000000E0,-1.079999935E-2,1.726000011E-1,-4.959999770E-2
3.940000000E0,7.649999857E-2,7.479999959E-2,-1.083999947E-1
3.950000000E0,2.730000019E-2,-4.239999875E-2,9.200000204E-3
3.960000000E0,-1.002999991E-1,2.522999942E-1,1.660999954E-1
3.970000000E0,9.369999915E-2,4.105999768E-1,-1.673000008E-1
3.980000000E0,-2.017000020E-1,1.953999996E-1,1.659999937E-1
3.990000000E0,-4.100000020E-3,2.739000022E-1,-1.476999968E-1
4.000000000E0,-9.219999611E-2,3.229999840E-1,1.268000007E-1
4.010000000E0,-2.419999987E-2,1.565999985E-1,-1.280999929E-1
4.020000000E0,-9.339999408E-2,1.959999949E-1,1.071999967E-1
4.030000000E0,-3.480000049E-2,2.061000019E-1,-4.959999770E-2
4.040000000E0,-8.439999819E-2,2.062999904E-1,-8.879999816E-2
4.050003125E0,-7.519999892E-2,1.476999968E-1,-2.358999997E-1
4.060000000E0,-1.052000001E-1,5.020000041E-2,6.799999624E-2
4.070000000E0,-1.943999976E-1,-3.759999946E-2,-2.019999921E-2
4.080000000E0,-1.942999959E-1,-9.640000015E-2,-4.959999770E-2
4.090000000E0,-1.067999974E-1,8.989999443E-2,-5.939999968E-2
4.100000000E0,9.899999946E-3,-4.669999704E-2,-1.084999964E-1
4.110000000E0,8.689999580E-2,-2.813999951E-1,-1.040000003E-2
4.120000000E0,2.769999951E-2,-2.518999875E-1,-4.969999939E-2
4.130000000E0,3.709999844E-2,-3.888999820E-1,-2.019999921E-2
4.140000000E0,-2.287999988E-1,-4.864999950E-1,3.849999979E-2
4.150000000E0,-2.506999969E-1,-5.861999989E-1,-3.242999911E-1
4.160000000E0,-1.143999994E-1,-3.716999888E-1,4.820000008E-2
4.170000000E0,1.100999936E-1,-2.340999991E-1,1.070999950E-1
4.180000000E0,-7.710000128E-2,-8.514999747E-1,4.820000008E-2
4.190000000E0,-1.268000007E-1,-7.635999918E-1,-1.477999985E-1
4.200000000E0,-1.768999994E-1,-5.378999710E-1,-1.049999986E-2
4.210000000E0,-2.768000066E-1,-3.709000051E-1,-6.939999759E-2
4.220000000E0,-3.264999986E-1,-4.004999995E-1,-3.019999899E-2
4.230000000E0,-3.377999961E-1,-3.904999793E-1,-1.577000022E-1
4.240000000E0,-2.705999911E-1,-2.432999909E-1,-9.889999777E-2
4.250000000E0,-1.246999949E-1,-4.759999737E-2,5.790000036E-2
4.260000000E0,-3.508999944E-1,-4.215999842E-1,-7.999999798E-4
4.270000000E0,-2.624999881E-1,-8.850000054E-2,-1.059999969E-2
4.280000000E0,-3.305999935E-1,-1.671999991E-1,-4.989999905E-2
4.290000000E0,-3.206999898E-1,-1.869999915E-1,-9.889999777E-2
4.300000000E0,-2.336999923E-1,-7.909999788E-2,1.869999990E-2
4.310000000E0,-1.770000011E-1,1.762999892E-1,-1.871999949E-1
4.320000000E0,-1.495999992E-1,3.831999898E-1,-6.949999928E-2
4.330000000E0,-2.581000030E-1,3.152000010E-1,-1.675999910E-1
4.340000000E0,-2.960999906E-1,2.365999967E-1,-1.087999940E-1
4.350000000E0,-3.039000034E-1,2.163999975E-1,8.899999782E-3
4.360000000E0,-2.928999960E-1,-3.859999776E-2,-1.086999997E-1
4.370000000E0,-2.163999975E-1,-5.729999766E-2,8.799999952E-3
4.380000000E0,-1.319999993E-1,4.199999943E-2,-1.577999890E-1
4.390000000E0,-1.799999923E-2,-2.510000020E-2,8.799999952E-3
4.400000000E0,1.289999951E-2,-2.559999935E-2,-1.283999979E-1
4.410000000E0,9.209999442E-2,3.399999812E-3,-8.999999845E-4
4.420000000E0,2.369999886E-1,-6.439999491E-2,-1.578999907E-1
4.430000000E0,1.766999960E-1,-1.224999949E-1,-9.999999311E-4
4.440000000E0,3.109999932E-2,-2.205999941E-1,-5.979999900E-2
4.450000000E0,-3.749999776E-2,-2.789999843E-1,-8.919999748E-2
4.460000000E0,-1.653999984E-1,-3.962000012E-1,-9.899999946E-2
4.470000000E0,-1.846999973E-1,-4.548999965E-1,-4.019999877E-2
4.480000000E0,-1.363999993E-1,-5.428999662E-1,-1.578999907E-1
4.490000000E0,-1.369999945E-1,-5.228999853E-1,-2.060000040E-2
4.500000000E0,-1.467999965E-1,-5.225999951E-1,-1.087999940E-1
4.510000000E0,-1.577999890E-1,-4.233999848E-1,-3.039999865E-2
4.520000000E0,-1.976999938E-1,-3.341999948E-1,-1.383000016E-1
4.530000000E0,-2.858999968E-1,-1.472000033E-1,-9.999999311E-4
4.540000000E0,-3.745999932E-1,-1.560000032E-1,-1.578999907E-1
4.550000000E0,-4.241999984E-1,-1.648999900E-1,-1.079999935E-2
4.560000000E0,-3.653999865E-1,-3.306999803E-1,-8.919999748E-2
4.570000000E0,-3.364000022E-1,-4.077999890E-1,-8.919999748E-2
4.580000000E0,-2.595999837E-1,-6.312999725E-1,-7.953000069E-1
4.590000000E0,-3.225999773E-1,-4.141999781E-1,8.029999733E-1
4.600000000E0,-3.872999847E-1,-3.068999946E-1,-6.875000000E-1
4.610000000E0,-3.533999920E-1,-3.799999831E-3,2.440999895E-1
4.620000000E0,-3.407999873E-1,-8.419999480E-2,-3.146999776E-1
4.630000000E0,-3.390000015E-2,-2.725999951E-1,6.757000089E-1
4.640000000E0,-1.586999893E-1,-2.336999923E-1,-8.147999644E-1
4.650000000E0,-1.314000040E-1,-3.312000036E-1,5.482000113E-1
4.660000000E0,6.849999726E-2,-2.802999914E-1,-5.403000116E-1
4.670000000E0,9.929999709E-2,-3.193999827E-1,1.950999945E-1
4.680000000E0,3.319999948E-2,-1.730999947E-1,-2.558999956E-1
4.690000000E0,-4.679999873E-2,-6.489999592E-2,1.068999991E-1
4.700000000E0,3.979999945E-2,1.115999967E-1,-1.087999940E-1
4.710000000E0,1.384999901E-1,1.210999936E-1,-5.979999900E-2
4.720000000E0,1.862999946E-1,2.687999904E-1,-1.185999960E-1
4.730000000E0,1.050999984E-1,2.895999849E-1,-9.999999311E-4
4.740000000E0,-6.960000098E-2,3.190999925E-1,-1.872999966E-1
4.750000000E0,-1.360999942E-1,2.402999997E-1,7.739999890E-2
4.760000000E0,-1.248999983E-1,5.444999933E-1,-3.029999882E-2
4.770000000E0,-6.539999694E-2,6.236999631E-1,-2.049999870E-2
4.780000000E0,-3.779999912E-2,-2.229999937E-2,-2.460999936E-1
4.790000000E0,2.820000052E-1,5.770999789E-1,5.779999867E-2
4.800000000E0,3.587999940E-1,8.134999871E-1,-1.186999977E-1
4.810000000E0,3.409999907E-1,4.704999924E-1,2.840000018E-2
4.820000000E0,1.553999931E-1,3.136000037E-1,-1.676999927E-1
4.830000000E0,1.745999902E-1,5.200999975E-1,4.800000042E-2
4.840000000E0,5.374000072E-1,6.085000038E-1,-3.245999813E-1
4.850000000E0,3.612000048E-1,4.708999991E-1,1.459999979E-1
4.860000000E0,5.863999724E-1,2.261999995E-1,-1.283999979E-1
4.870000000E0,5.568000078E-1,7.669999599E-1,4.800000042E-2
4.880000000E0,3.194999993E-1,1.512999982E-1,-3.637999892E-1
4.890000000E0,5.038999915E-1,1.728999913E-1,-1.481000036E-1
4.900000000E0,5.936999917E-1,-3.309999779E-2,1.165999994E-1
4.910000000E0,3.878999949E-1,-2.600000007E-3,-4.129000008E-1
4.920000000E0,1.218999997E-1,-1.290999949E-1,3.224999905E-1
4.930000000E0,6.539999694E-2,-7.959999889E-2,-2.166999876E-1
4.940000000E0,6.499999668E-3,4.849999771E-2,2.930999994E-1
4.950000000E0,3.529999778E-2,2.049999870E-2,-6.678000093E-1
4.960000000E0,-2.100999951E-1,-6.654999852E-1,-2.166999876E-1
4.970000000E0,1.428999901E-1,-4.190999866E-1,-5.108999610E-1
4.980000000E0,1.411999911E-1,-5.072000027E-1,3.322999775E-1
4.990000000E0,2.016000003E-1,-5.943999887E-1,-4.324999750E-1
5.000000000E0,1.428999901E-1,-6.333000064E-1,7.739999890E-2
5.010000000E0,-1.329999976E-2,-8.185999990E-1,-1.383000016E-1
5.020000000E0,1.630000025E-2,-9.548999667E-1,-9.999999311E-4
5.030000000E0,2.502999902E-1,-8.549999595E-1,2.048999965E-1
5.040000000E0,5.409999937E-2,-1.177099943E0,-1.578999907E-1
5.050000000E0,-7.289999723E-2,-6.664999723E-1,-1.079999935E-2
5.060000000E0,-7.090000063E-2,-6.470999718E-1,-2.754999995E-1
5.070000000E0,8.379999548E-2,-6.165999770E-1,-1.872999966E-1
5.080000000E0,-4.409999773E-2,-7.335000038E-1,-1.383000016E-1
5.090000000E0,5.899999756E-3,-6.545999646E-1,-6.960000098E-2
5.100000000E0,-1.459999941E-2,-5.954999924E-1,8.720000088E-2
5.110000000E0,8.410000056E-2,-3.206000030E-1,-5.979999900E-2
5.120000000E0,1.902999878E-1,-1.921999902E-1,-9.999999311E-4
5.130000000E0,1.212999970E-1,1.703999937E-1,-3.637999892E-1
5.140000000E0,1.431999952E-1,2.281999886E-1,-2.264999896E-1
5.150000000E0,1.549999975E-2,7.069999725E-2,-5.979999900E-2
5.160000000E0,-1.811999977E-1,5.029999837E-2,-6.960000098E-2
5.170000000E0,-1.702999920E-1,3.538999856E-1,-3.147999942E-1
5.180000000E0,-1.708000004E-1,3.933999836E-1,1.850000024E-2
5.190000000E0,-5.370000005E-2,2.753999829E-1,-9.999999311E-4
5.200000000E0,-7.339999825E-2,3.242999911E-1,-8.919999748E-2
5.210003125E0,-7.299999706E-3,4.421999753E-1,-2.461999953E-1
5.220003125E0,-6.629999727E-2,7.263999581E-1,6.749999523E-2
5.230003125E0,-4.629999772E-2,4.023999870E-1,-1.284999996E-1
5.240003125E0,4.399999976E-3,5.771999955E-1,-6.187999845E-1
5.250003125E0,-1.699999906E-2,8.068999648E-1,2.344999909E-1
5.260003125E0,-1.322000027E-1,5.629000068E-1,9.200000204E-3
5.270003125E0,-7.809999585E-2,6.295999885E-1,1.955999881E-1
5.280003125E0,-4.219999909E-2,4.578000009E-1,-2.162999958E-1
5.290003125E0,3.509999812E-2,5.792999864E-1,-3.734000027E-1
5.300003125E0,5.999999703E-4,6.263999939E-1,2.869999968E-2
5.310003125E0,-7.739999890E-2,7.394999862E-1,-2.999999933E-2
5.320003125E0,-5.639999732E-2,5.916999578E-1,6.799999624E-2
5.330003125E0,3.439999744E-2,5.060999990E-1,-1.966999918E-1
5.340003125E0,3.059999831E-2,4.778999984E-1,-1.477999985E-1
5.350000000E0,-6.269999593E-2,3.678999841E-1,-6.920000166E-2
5.360000000E0,-1.158000007E-1,3.556999862E-1,5.819999799E-2
5.370000000E0,-1.162000000E-1,3.262999952E-1,-3.979999945E-2
5.380000000E0,-6.219999865E-2,2.397999913E-1,-1.476999968E-1
5.390000000E0,-1.133999974E-1,1.912999898E-1,-8.889999986E-2
5.400000000E0,-1.992999911E-1,1.999999881E-1,-6.920000166E-2
5.410000000E0,-2.753999829E-1,2.770999968E-1,1.889999956E-2
5.420000000E0,-3.255999982E-1,2.577999830E-1,-1.182999983E-1
5.430000000E0,-3.197999895E-1,3.966999948E-1,-1.084999964E-1
5.440000000E0,-3.218999803E-1,4.167999923E-1,-1.280999929E-1
5.450000000E0,-2.718999982E-1,4.068000019E-1,-7.909999788E-2
5.460000000E0,-1.820999980E-1,4.356999993E-1,-5.949999765E-2
5.470000000E0,-1.044999957E-1,2.105000019E-1,-8.889999986E-2
5.480000000E0,-1.169999987E-1,9.389999509E-2,-9.869999439E-2
5.490000000E0,-1.764999926E-1,-4.100000020E-3,-1.049999986E-2
5.500000000E0,-2.433999926E-1,-1.480000000E-2,-1.049999986E-2
5.510000000E0,-2.626000047E-1,-8.379999548E-2,-1.476999968E-1
5.520000000E0,-3.894999921E-1,-1.539999992E-2,-1.280999929E-1
5.530000000E0,-5.238999724E-1,5.179999769E-2,-5.939999968E-2
5.540000000E0,-5.900999904E-1,2.272000015E-1,-7.899999619E-2
5.550000000E0,-5.112999678E-1,2.072999924E-1,-1.083999947E-1
5.560000000E0,-4.723999798E-1,1.484999955E-1,-9.860000014E-2
5.570000000E0,-5.005999804E-1,1.181999967E-1,-1.771000028E-1
5.580000000E0,-4.208999872E-1,1.953999996E-1,5.819999799E-2
5.590000000E0,-4.010999799E-1,2.436999977E-1,-6.920000166E-2
5.600000000E0,-2.069000006E-1,2.342000008E-1,-5.939999968E-2
5.610000000E0,-1.121999994E-1,6.809999794E-2,-7.909999788E-2
5.620000000E0,1.213999987E-1,-9.839999676E-2,-1.574999988E-1
5.630000000E0,1.700000018E-1,-5.110999942E-1,-3.438999951E-1
5.640000000E0,6.009999663E-2,-2.190000005E-2,-4.420000017E-1
5.650000000E0,-2.080000006E-2,-3.373999894E-1,-5.891000032E-1
5.660000000E0,-4.349999875E-2,-6.450999975E-1,2.736999989E-1
5.670000000E0,-1.509999931E-1,-1.861999929E-1,-2.263000011E-1
5.680000000E0,6.269999593E-2,-3.900000080E-2,7.759999484E-2
5.690000000E0,2.760999799E-1,1.678999960E-1,-4.028999805E-1
5.700000000E0,1.480000019E-1,5.020000041E-2,5.790000036E-2
5.710000000E0,9.250000119E-2,1.970000006E-2,1.756999940E-1
5.720000000E0,-1.269999985E-2,-4.416999817E-1,1.952999979E-1
5.730000000E0,1.151999980E-1,-5.594999790E-1,-1.576000005E-1
5.740000000E0,4.539999738E-2,-1.475999951E-1,-1.184000000E-1
5.750000000E0,-1.359999925E-2,1.560000032E-1,1.363999993E-1
5.760000000E0,1.330000013E-1,2.829999849E-2,-4.979999736E-2
5.770000000E0,1.419999897E-1,8.779999614E-2,1.265999973E-1
5.780000000E0,7.199999690E-2,5.008999705E-1,-5.695999861E-1
5.790000000E0,-5.649999902E-2,8.238999844E-1,-6.970999837E-1
5.800000000E0,5.792999864E-1,7.531999946E-1,1.224900007E0
5.810000000E0,3.685999811E-1,-6.302999854E-1,-1.577000022E-1
5.820000000E0,2.522999942E-1,1.944999993E-1,-2.556999922E-1
5.830000000E0,-5.240000039E-2,2.057999969E-1,-2.949000001E-1
5.840000000E0,1.034099936E0,2.989999950E-2,-8.440999985E-1
5.850000000E0,1.393000036E-1,7.800000161E-2,-1.380999982E-1
5.860000000E0,-3.139999807E-1,3.533999920E-1,-6.186000109E-1
5.870000000E0,1.586999893E-1,4.118999839E-1,-1.086999997E-1
5.880000000E0,2.011999935E-1,4.314000010E-1,-5.597000122E-1
5.890000000E0,1.612999886E-1,2.851999998E-1,1.869999990E-2
5.900000000E0,-3.570000082E-2,3.353999853E-1,-2.164999992E-1
5.910000000E0,-2.349999920E-2,3.843999803E-1,-6.939999759E-2
5.920000000E0,-1.182999983E-1,1.196999997E-1,-1.967999935E-1
5.930000000E0,-8.839999884E-2,-1.624999940E-1,-7.851999998E-1
5.940000000E0,-1.233999953E-1,2.989999950E-2,3.522999883E-1
5.950000000E0,-6.870000064E-2,-3.520999849E-1,-6.085999608E-1
5.960000000E0,3.150000051E-2,-1.756999940E-1,-2.554999888E-1
5.970000000E0,-1.427000016E-1,2.067999989E-1,-2.989999950E-2
5.980000000E0,-2.971999943E-1,1.869999915E-1,-3.632999957E-1
5.990000000E0,-9.510000050E-2,3.823999763E-1,2.151999921E-1
6.000000000E0,-1.393999904E-1,6.799999624E-2,-1.964999884E-1
6.010000000E0,-6.109999865E-2,7.157999873E-1,-6.899999827E-2
6.020000000E0,-1.913999915E-1,2.757000029E-1,-1.572999954E-1
6.030000000E0,-2.011999935E-1,1.288999915E-1,-1.019999944E-2
6.040000000E0,-1.491999924E-1,2.751999795E-1,-3.959999979E-2
6.050000000E0,-2.161999941E-1,1.277000010E-1,-1.768999994E-1
6.060000000E0,-2.465999871E-1,2.999999933E-2,-8.859999478E-2
6.070000000E0,-9.049999714E-2,-1.879999973E-2,-9.849999845E-2
6.080000000E0,-6.909999996E-2,-1.568000019E-1,-4.939999804E-2
6.090000000E0,-4.820000008E-2,-2.062999904E-1,-4.939999804E-2
6.100000000E0,1.939999871E-2,-1.472999901E-1,-6.899999827E-2
6.110000000E0,4.600000009E-2,-2.450999916E-1,-8.869999647E-2
6.120000000E0,7.349999994E-2,-2.545999885E-1,-6.909999996E-2
6.130000000E0,1.030999944E-1,-3.236999810E-1,-8.869999647E-2
6.140000000E0,2.019999921E-1,-4.323000014E-1,-1.019999944E-2
6.150000000E0,1.430999935E-1,-4.228999913E-1,-1.019999944E-2
6.160000000E0,1.719999909E-1,-3.644999862E-1,-5.929999799E-2
6.170000000E0,1.023999974E-1,-3.449999988E-1,-7.889999449E-2
6.180000000E0,-7.299999706E-3,-1.586000025E-1,-8.869999647E-2
6.190000000E0,-1.253999919E-1,-1.188999936E-1,-6.909999996E-2
6.200000000E0,-2.513999939E-1,-1.179999951E-2,-7.889999449E-2
6.210000000E0,-2.681999803E-1,8.460000157E-2,-7.889999449E-2
6.220000000E0,-3.168999851E-1,6.469999999E-2,-6.909999996E-2
6.230000000E0,-2.497999966E-1,1.137999967E-1,-5.929999799E-2
6.240000000E0,-1.633999944E-1,2.569999918E-2,-5.929999799E-2
6.250000000E0,-5.920000002E-2,-3.099999856E-3,-3.969999775E-2
6.260000000E0,-1.039999947E-1,-1.139999926E-2,-9.860000014E-2
6.270000000E0,-2.928999960E-1,1.360999942E-1,-1.083999947E-1
6.280000000E0,-5.537999868E-1,-3.360999823E-1,-4.999999655E-4
6.290000000E0,-6.482999921E-1,1.920999885E-1,-1.965999901E-1
6.300000000E0,-5.227000117E-1,1.237000003E-1,-3.969999775E-2
6.310000000E0,-4.784999788E-1,8.609999716E-2,-1.574999988E-1
6.320000000E0,-3.621999919E-1,-7.029999793E-2,-2.999999933E-2
6.330000000E0,-2.915000021E-1,-1.298999935E-1,-2.019999921E-2
6.340000000E0,-2.325999886E-1,-1.788999885E-1,9.200000204E-3
6.350000000E0,-1.377999932E-1,-3.245999813E-1,-7.899999619E-2
6.360000000E0,-2.877999842E-1,-3.879999742E-2,-8.889999986E-2
6.370000000E0,-3.164999783E-1,-1.666999906E-1,-1.040000003E-2
6.380000000E0,-4.032000005E-1,-1.578999907E-1,-9.860000014E-2
6.390000000E0,-4.134999812E-1,-1.483999938E-1,-7.899999619E-2
6.400000000E0,-3.468999863E-1,-8.940000087E-2,-1.378999949E-1
6.410000000E0,-4.351999760E-1,-4.069999978E-2,-1.182999983E-1
6.420000000E0,-6.775999665E-1,-7.140000165E-2,-2.999999933E-2
6.430000000E0,-6.947000027E-1,1.039000005E-1,-6.920000166E-2
6.440000000E0,-6.366999745E-1,1.039999947E-1,1.889999956E-2
6.450000000E0,-5.622000098E-1,3.012999892E-1,-7.909999788E-2
6.460000000E0,-5.475000143E-1,2.144999951E-1,-2.653999925E-1
6.470000000E0,-4.427999854E-1,3.032000065E-1,-2.029999904E-2
6.480000000E0,-4.238999784E-1,5.279999971E-1,-6.939999759E-2
6.490000000E0,-3.256999850E-1,5.709999800E-2,-1.049999986E-2
6.500000000E0,-2.795999944E-1,1.058999971E-1,-2.556999922E-1
6.510000000E0,-3.599999845E-1,5.590000004E-2,-7.999999798E-4
6.520000000E0,-3.014000058E-1,-6.369999796E-2,-1.968999952E-1
6.530000000E0,-2.805999815E-1,-4.649999738E-2,6.780000031E-2
6.540000000E0,-1.534999907E-1,-2.859999985E-2,-2.655999959E-1
6.550000000E0,-1.852999926E-1,2.937999964E-1,-6.949999928E-2
6.560000000E0,-1.684999913E-1,2.039999962E-1,-2.263999879E-1
6.570000000E0,-4.149999842E-2,1.229999959E-1,-5.969999731E-2
6.580000000E0,-5.159999803E-2,1.594000012E-1,-8.999999845E-4
6.590000000E0,-1.315999925E-1,-1.074999943E-1,-1.283999979E-1
6.600000000E0,-2.412999868E-1,-4.235000014E-1,1.559000015E-1
6.610000000E0,-6.619999558E-2,-4.858999848E-1,-2.362999916E-1
6.620000000E0,-1.150999963E-1,-4.181999862E-1,6.759999692E-2
6.630000000E0,-7.569999993E-2,-4.579999745E-1,-1.481000036E-1
6.640000000E0,-5.779999867E-2,-5.464999676E-1,-2.167999893E-1
6.650000000E0,-9.800000116E-3,-4.195999801E-1,2.829999849E-2
6.660000000E0,-3.819999844E-2,-5.282999873E-1,-4.019999877E-2
6.670000000E0,7.989999652E-2,-5.095999837E-1,5.769999698E-2
6.680000000E0,1.899999939E-2,-6.473000050E-1,-1.383000016E-1
6.690000000E0,1.442999989E-1,-5.877999663E-1,6.749999523E-2
6.700000000E0,2.506999969E-1,-5.187999606E-1,-2.265999913E-1
6.710000000E0,2.694000006E-1,-3.718999922E-1,-1.099999994E-3
6.720000000E0,3.768999875E-1,-4.113999903E-1,-4.030000046E-2
6.730000000E0,4.545999765E-1,-4.799999893E-1,-1.481999904E-1
6.740000000E0,4.839999974E-1,-4.997999966E-1,8.599999361E-3
6.750000000E0,4.165000021E-1,-5.787000060E-1,-9.919999540E-2
6.760000000E0,2.809000015E-1,-5.595999956E-1,-1.099999994E-3
6.770000000E0,1.740999967E-1,-4.226000011E-1,-9.910000116E-2
6.780000000E0,8.700000122E-3,-3.050000072E-1,-8.929999918E-2
6.790000000E0,-3.810000047E-2,-1.876000017E-1,-5.989999697E-2
6.800000000E0,-3.649999946E-2,-5.040000007E-2,-1.186999977E-1
6.810000000E0,-4.519999772E-2,-5.040000007E-2,-5.979999900E-2
6.820000000E0,-1.449999958E-2,-5.049999803E-2,-1.186999977E-1
6.830000000E0,-3.299999982E-3,2.759999968E-2,-4.019999877E-2
6.840000000E0,3.729999810E-2,9.600000083E-2,-4.999999702E-2
6.850000000E0,4.699999839E-2,1.745999902E-1,-9.899999946E-2
6.860000000E0,1.052999943E-1,2.730999887E-1,-9.899999946E-2
6.870000000E0,1.165999994E-1,3.019999862E-1,-6.960000098E-2
6.880000000E0,1.196999997E-1,2.813999951E-1,-9.899999946E-2
6.890000000E0,1.806999892E-1,2.221999913E-1,-1.086999997E-1
6.900000000E0,1.042999998E-1,2.025000006E-1,-2.049999870E-2
6.910000000E0,-9.499999695E-3,1.915999949E-1,-4.979999736E-2
6.920000000E0,-1.549999975E-2,1.709999889E-1,-1.059999969E-2
6.930000000E0,-4.419999942E-2,3.350000083E-2,-6.939999759E-2
6.940000000E0,-1.533000022E-1,-3.419999778E-2,-1.674999893E-1
6.950000000E0,-2.793000042E-1,-1.615999937E-1,-6.939999759E-2
6.960000000E0,-2.260999978E-1,-3.003000021E-1,-4.969999939E-2
6.970000000E0,-2.449999899E-1,-2.316000015E-1,-7.909999788E-2
6.980000000E0,-2.577999830E-1,-2.692999840E-1,-1.674000025E-1
6.990000000E0,-3.276000023E-1,-3.665999770E-1,-1.184000000E-1
7.000000000E0,-4.019999802E-1,-3.283999860E-1,-1.967999935E-1
7.010000000E0,-2.710999846E-1,-2.316000015E-1,1.757999957E-1
7.020000000E0,-7.539999485E-2,-1.137999967E-1,1.365000010E-1
7.030000000E0,3.959999979E-2,-3.479000032E-1,8.749999851E-2
7.040000000E0,5.929999799E-2,-4.942999780E-1,-1.184000000E-1
7.050000000E0,-6.999999750E-3,-5.536000133E-1,-3.009999916E-2
7.060000000E0,-7.409999520E-2,-8.381999731E-1,-1.049999986E-2
7.070000000E0,-7.580000162E-2,-8.761999607E-1,-8.889999986E-2
7.080000000E0,1.939999871E-2,-7.963999510E-1,-1.184000000E-1
7.090000000E0,1.850999892E-1,-8.448999524E-1,-7.909999788E-2
7.100000000E0,9.739999473E-2,-9.725999832E-1,-7.909999788E-2
7.110000000E0,-7.899999619E-2,-7.470999956E-1,-1.771999896E-1
7.120000000E0,-1.799999969E-3,-6.777999997E-1,-1.049999986E-2
7.130000000E0,1.340000033E-1,-7.752000093E-1,-1.184000000E-1
7.140000000E0,4.600000009E-2,-1.117499948E0,-2.360999882E-1
7.150000000E0,2.709999867E-2,-1.322999954E0,-5.498999953E-1
7.160000000E0,4.699999932E-3,-3.630000055E-1,-5.008999705E-1
7.170000000E0,-3.769999743E-2,-3.437999785E-1,1.363999993E-1
7.180000000E0,9.609999508E-2,-2.151999921E-1,-6.939999759E-2
7.190000000E0,2.406999916E-1,-4.393999875E-1,1.070000008E-1
7.200000000E0,2.009999901E-1,-6.046000123E-1,5.790000036E-2
7.210000000E0,1.132999957E-1,-6.225999594E-1,-1.479000002E-1
7.220000000E0,-1.018999964E-1,-3.666999936E-1,2.933000028E-1
7.230000000E0,-1.396999955E-1,-6.105999947E-1,7.759999484E-2
7.240000000E0,-9.950000048E-2,-2.168999910E-1,-9.879999608E-2
7.250000000E0,-1.899999916E-3,-7.789999992E-2,-6.939999759E-2
7.260000000E0,1.451999992E-1,3.154999912E-1,-6.939999759E-2
7.270000000E0,2.824999988E-1,5.809999704E-1,-8.899999410E-2
7.280000000E0,9.539999813E-2,8.665999770E-1,-2.039999887E-2
7.290000000E0,1.528999954E-1,1.084100008E0,-1.674999893E-1
7.300000000E0,-4.699999932E-3,1.193400025E0,1.462000012E-1
7.310000000E0,-1.697999984E-1,1.361299992E0,2.246999890E-1
7.320000000E0,-1.873999983E-1,7.836999893E-1,1.070999950E-1
7.330000000E0,-1.165999994E-1,7.355999947E-1,-1.085999981E-1
7.340000000E0,-2.859999985E-2,6.182999611E-1,-9.879999608E-2
7.350000000E0,-1.367999911E-1,4.517999887E-1,-3.009999916E-2
7.360000000E0,-1.162999943E-1,4.808999896E-1,3.839999810E-2
7.370000000E0,-1.441999972E-1,2.062999904E-1,-8.889999986E-2
7.380000000E0,-9.549999982E-2,5.989999771E-1,-4.969999939E-2
7.390000000E0,-1.948999912E-1,5.702999830E-1,-1.184000000E-1
7.400000000E0,-2.240999937E-1,5.504999757E-1,-1.281999946E-1
7.410000000E0,-1.449999958E-1,5.694999695E-1,-6.999999750E-4
7.420000000E0,-1.555999964E-1,5.403000116E-1,-1.281999946E-1
7.430000000E0,-9.839999676E-2,5.701999664E-1,-1.281999946E-1
7.440000000E0,-1.999999955E-2,6.190999746E-1,-4.969999939E-2
7.450000000E0,-2.909999900E-2,5.889999866E-1,-1.281999946E-1
7.460000000E0,-1.070999950E-1,6.179999709E-1,-6.999999750E-4
7.470003125E0,-1.359999925E-1,5.196999907E-1,-1.184000000E-1
7.480000000E0,-1.547999978E-1,4.310999811E-1,-7.909999788E-2
7.490001562E0,-1.546999961E-1,3.132999837E-1,-1.084999964E-1
7.500000000E0,-1.938000023E-1,2.248999923E-1,-1.084999964E-1
7.510000000E0,-2.025000006E-1,9.690000117E-2,-6.929999590E-2
7.520000000E0,-2.309999913E-1,8.200000040E-3,-8.889999986E-2
7.530000000E0,-2.017000020E-1,-8.980000019E-2,-3.989999741E-2
7.540000000E0,-2.023999989E-1,-1.387999952E-1,-2.029999904E-2
7.550000000E0,-2.416999936E-1,-1.585000008E-1,-9.869999439E-2
7.560000000E0,-2.223999947E-1,-1.583999991E-1,-1.084999964E-1
7.570000000E0,-1.638000011E-1,-1.388999969E-1,-1.184000000E-1
7.580000000E0,-1.145999953E-1,-2.863999903E-1,-1.084999964E-1
7.590000000E0,-9.510000050E-2,-1.788999885E-1,-8.889999986E-2
7.600000000E0,-9.489999712E-2,-3.461000025E-1,-2.029999904E-2
7.610000000E0,-7.469999790E-2,-2.875999808E-1,1.879999973E-2
7.620000000E0,-8.760000020E-2,-3.944999874E-1,-1.049999986E-2
7.630000000E0,-1.074999943E-1,-5.278999805E-1,-1.479000002E-1
7.640000000E0,-1.332999915E-1,-4.375000000E-1,-1.871999949E-1
7.650000000E0,-2.269999981E-1,-2.137999982E-1,-1.086999997E-1
7.660000000E0,-2.304999977E-1,-4.028999805E-1,1.265999973E-1
7.670000000E0,-2.624999881E-1,-4.889999703E-2,-7.919999957E-2
7.680000000E0,-1.343999952E-1,3.070999980E-1,-7.939999551E-2
7.690000000E0,9.829999506E-2,-2.509000003E-1,3.127999902E-1
7.700000000E0,9.699999541E-2,-4.289000034E-1,1.657999903E-1
7.710000000E0,2.439999953E-2,-4.488999844E-1,-3.999999911E-2
7.720000000E0,-1.052999943E-1,-2.012999952E-1,-1.479000002E-1
7.730000000E0,-2.269999981E-1,-3.163000047E-1,-2.459999919E-1
7.740000000E0,-2.360999882E-1,-2.180000022E-2,-2.263999879E-1
7.750000000E0,-1.259000003E-1,5.751999617E-1,-6.939999759E-2
7.760000000E0,-1.658999920E-1,6.640999913E-1,1.070000008E-1
7.770000000E0,-7.180000097E-2,7.942999601E-1,-4.010000080E-2
7.780000000E0,-2.419999987E-2,3.544999957E-1,1.166999936E-1
7.790000000E0,-1.289999932E-1,2.867999971E-1,3.830000013E-2
7.800000000E0,7.829999924E-2,-1.824999899E-1,1.167999953E-1
7.810000000E0,1.818999946E-1,-3.854999840E-1,-5.990999937E-1
7.820000000E0,1.572999954E-1,4.303999841E-1,-3.538999856E-1
7.830000000E0,1.300000004E-3,5.289999843E-1,8.729999512E-2
7.840000000E0,-1.034999937E-1,4.411000013E-1,-4.010000080E-2
7.850000000E0,-2.359999903E-2,6.978999972E-1,1.462000012E-1
7.860000000E0,1.041999981E-1,1.319999993E-1,8.899999782E-3
7.870000000E0,3.720000014E-2,-7.109999657E-2,8.739999682E-2
7.880000000E0,7.970000058E-2,1.889999956E-2,-5.302999616E-1
7.890000000E0,-4.839999974E-2,2.170999944E-1,-3.243999779E-1
7.900000000E0,1.579999924E-2,3.569999933E-1,4.809999838E-2
7.910000000E0,1.806999892E-1,2.813999951E-1,-1.675999910E-1
7.920000000E0,5.460000038E-1,1.456999928E-1,1.167999953E-1
7.930000000E0,-1.247999966E-1,-1.472000033E-1,1.167999953E-1
7.940000000E0,1.120999977E-1,1.489000022E-1,-5.008999705E-1
7.950000000E0,-3.114999831E-1,5.536000133E-1,-2.949999869E-1
7.960000000E0,-3.418000042E-1,5.346999764E-1,-3.999999911E-2
7.970000000E0,-3.490999937E-1,4.951999784E-1,-8.899999410E-2
7.980000000E0,-1.319999993E-1,3.188999891E-1,-2.029999904E-2
7.990000000E0,-7.469999790E-2,4.966000021E-1,-1.577000022E-1
8.000000000E0,-9.669999778E-2,1.837999970E-1,7.759999484E-2
8.010000000E0,3.119999915E-2,3.312000036E-1,-1.380999982E-1
8.020000000E0,1.015999988E-1,1.343999952E-1,-6.999999750E-4
8.030000000E0,1.696999967E-1,1.709999889E-2,-1.379999965E-1
8.040000000E0,2.558999956E-1,-1.599999960E-3,-7.999999798E-4
8.050000000E0,1.972000003E-1,-1.289999932E-1,-1.282999963E-1
8.060000000E0,1.805000007E-1,-2.969000041E-1,1.879999973E-2
8.070000000E0,1.238999963E-1,-3.854999840E-1,-5.959999934E-2
8.080000000E0,3.480000049E-2,-3.849000037E-1,-1.085999981E-1
8.090000000E0,1.026000008E-1,-4.043000042E-1,-1.379999965E-1
8.100000000E0,7.389999926E-2,-6.107999682E-1,1.879999973E-2
8.110000000E0,1.041999981E-1,-6.600999832E-1,-3.009999916E-2
8.120000000E0,1.818999946E-1,-7.382000089E-1,-8.899999410E-2
8.130000000E0,2.285999954E-1,-7.667999864E-1,-4.979999736E-2
8.140000000E0,2.073999941E-1,-6.778999567E-1,-9.879999608E-2
8.150000000E0,1.981000006E-1,-6.779999733E-1,-3.999999911E-2
8.160000000E0,1.207999960E-1,-5.507000089E-1,-5.959999934E-2
8.170000000E0,2.229999937E-2,-4.424999952E-1,-5.959999934E-2
8.180000000E0,2.159999870E-2,-4.420000017E-1,-8.899999410E-2
8.190000000E0,-1.819999889E-2,-4.711999893E-1,-6.939999759E-2
8.200000000E0,-8.700000122E-3,-3.827999830E-1,-1.059999969E-2
8.210000000E0,3.059999831E-2,-4.220999777E-1,-1.059999969E-2
8.220000000E0,2.060000040E-2,-3.826999962E-1,-8.899999410E-2
8.230000000E0,5.849999934E-2,-2.840999961E-1,-7.999999798E-4
8.240000000E0,-9.910000116E-2,-1.562999934E-1,-1.184999943E-1
8.250000000E0,-1.272999942E-1,1.176999956E-1,-3.019999899E-2
8.260000000E0,-1.544999927E-1,2.442999929E-1,-1.059999969E-2
8.270000000E0,-1.446999907E-1,8.999999613E-3,-7.919999957E-2
8.280000000E0,-1.964999884E-1,1.860999912E-1,-2.459999919E-1
8.290000000E0,-1.008000001E-1,2.841999829E-1,-1.674999893E-1
8.300000000E0,-1.172999963E-1,3.897999823E-1,-1.674999893E-1
8.310000000E0,-2.092999965E-1,4.352999926E-1,1.266999990E-1
8.320000000E0,-1.861999929E-1,4.727999866E-1,-2.029999904E-2
8.330000000E0,-1.899999976E-1,5.618000031E-1,-1.674000025E-1
8.340000000E0,-2.813999951E-1,3.563999832E-1,-8.899999410E-2
8.350000000E0,-3.773999810E-1,4.135999978E-1,-3.009999916E-2
8.360000000E0,-2.647999823E-1,3.713999987E-1,-4.969999939E-2
8.370000000E0,-1.951999962E-1,4.090999961E-1,-9.869999439E-2
8.380000000E0,-1.774999946E-1,5.062000155E-1,-1.379999965E-1
8.390000000E0,-1.381999999E-1,3.768999875E-1,4.829999804E-2
8.400000000E0,6.870000064E-2,1.296999902E-1,-2.065999955E-1
8.410000000E0,-3.929999769E-1,3.635999858E-1,-1.281999946E-1
8.420000000E0,-3.341999948E-1,1.548999995E-1,-1.674000025E-1
8.430000000E0,-2.536000013E-1,9.209999442E-2,3.849999979E-2
8.440000000E0,-3.491999805E-1,1.372999996E-1,1.071999967E-1
8.450000000E0,-3.617999852E-1,3.513000011E-1,-2.261999995E-1
8.460000000E0,-2.872000039E-1,-1.269999985E-2,-1.869999915E-1
8.470000000E0,4.490000010E-2,5.040999651E-1,-3.439999819E-1
8.480000000E0,-1.208999977E-1,7.558999658E-1,3.032000065E-1
8.490000000E0,-1.410999894E-1,4.399999976E-1,6.780000031E-2
8.500000000E0,-1.125999987E-1,3.603999913E-1,-2.066999972E-1
8.510000000E0,-2.494999915E-1,4.075999856E-1,-3.999999911E-2
8.520000000E0,-1.489000022E-1,5.309999734E-2,7.150999904E-1
8.530000000E0,-3.328000009E-1,-1.911999881E-1,6.790000200E-2
8.540000000E0,3.889999911E-2,-1.696999967E-1,-1.477999985E-1
8.550000000E0,-1.211999953E-1,-3.152999878E-1,-3.439999819E-1
8.560000000E0,-2.001999915E-1,7.799999788E-3,3.839999810E-2
8.570000000E0,-6.129999831E-2,-3.209999949E-2,-2.263000011E-1
8.580000000E0,-1.688999981E-1,4.486999810E-1,5.799999833E-2
8.590000000E0,-3.649999797E-1,-2.272999883E-1,-3.989999741E-2
8.600000000E0,-2.556999922E-1,-1.150000002E-2,-2.261999995E-1
8.610000000E0,-1.562999934E-1,-6.149999797E-2,-3.009999916E-2
8.620000000E0,-2.166000009E-1,-5.130000040E-2,-2.163999975E-1
8.630000000E0,-2.672999799E-1,2.730000019E-2,5.799999833E-2
8.640000000E0,-2.168999910E-1,-8.129999787E-2,-1.379999965E-1
8.650000000E0,-1.852999926E-1,-1.703999937E-1,-2.029999904E-2
8.660000000E0,-2.869999968E-2,-3.568999767E-1,-1.379999965E-1
8.670000000E0,8.709999919E-2,-5.331999660E-1,1.879999973E-2
8.680000000E0,1.850999892E-1,-6.708999872E-1,-1.184000000E-1
8.690000000E0,2.158999890E-1,-8.381999731E-1,5.810000002E-2
8.700000000E0,2.261999995E-1,-8.873999715E-1,-1.281999946E-1
8.710000000E0,2.340999991E-1,-8.572999835E-1,-3.989999741E-2
8.720000000E0,2.040999979E-1,-9.157999754E-1,-6.939999759E-2
8.730000000E0,2.536999881E-1,-1.004199982E0,-1.184000000E-1
8.740000000E0,2.254000008E-1,-9.747999907E-1,8.999999613E-3
8.750000000E0,1.182999983E-1,-9.944999814E-1,-1.869999915E-1
8.760000000E0,9.989999980E-2,-9.361000061E-1,-3.989999741E-2
8.770000000E0,5.240000039E-2,-9.857999682E-1,-3.989999741E-2
8.780000000E0,1.439999975E-2,-1.025200009E0,-6.929999590E-2
8.790000000E0,-4.699999932E-3,-9.858999848E-1,-4.969999939E-2
8.800000000E0,5.099999718E-3,-8.773999810E-1,-5.949999765E-2
8.810000000E0,3.449999914E-2,-1.151499987E0,-6.929999590E-2
8.820000000E0,-5.599999800E-3,-7.392999530E-1,-2.653999925E-1
8.830000000E0,3.280000016E-2,-8.473999500E-1,-3.009999916E-2
8.840000000E0,-5.559999868E-2,-8.374999762E-1,-1.378999949E-1
8.850000000E0,4.179999977E-2,-1.239699960E0,2.869999968E-2
8.860000000E0,7.149999589E-2,-1.347299933E0,1.889999956E-2
8.870000000E0,1.030999944E-1,-9.361000061E-1,8.749999851E-2
8.880000000E0,7.279999554E-2,-1.974900007E0,9.099999443E-3
8.890000000E0,-2.996000051E-1,-1.258899927E0,1.070999950E-1
8.900000000E0,-2.750000060E-1,-1.505100012E0,-5.105000138E-1
8.910000000E0,-1.359999925E-1,-1.151999950E0,-8.879999816E-2
8.920000000E0,6.999999750E-3,-1.159699917E0,-2.849999964E-1
8.930000000E0,4.239999875E-2,-1.040199995E0,-8.889999986E-2
8.940000000E0,1.333999932E-1,-8.348999619E-1,-1.574999988E-1
8.950000000E0,1.655000001E-1,-9.440999627E-1,2.248999923E-1
8.960000000E0,-1.009999961E-1,-9.921999574E-1,-1.280999929E-1
8.970000000E0,-1.437999904E-1,-4.894999862E-1,-2.849999964E-1
8.980000000E0,-2.620999813E-1,-5.866000056E-1,-1.574999988E-1
8.990000000E0,-1.692000031E-1,-4.699999988E-1,1.366000026E-1
9.000000000E0,-1.850000024E-1,-5.586999655E-1,-1.574999988E-1
9.010000000E0,3.920000046E-2,-5.957999825E-1,-3.437999785E-1
9.020000000E0,-1.305000037E-1,-6.148999929E-1,7.779999822E-2
9.030000000E0,2.737999856E-1,1.010999918E0,2.640999854E-1
9.040000000E0,1.868999898E-1,3.138999939E-1,6.857999563E-1
9.050000000E0,-1.458999962E-1,-3.400000036E-1,-2.358999997E-1
9.060000000E0,1.338000000E-1,1.144999936E-1,-1.771000028E-1
9.070000000E0,-5.199999735E-2,-5.410000086E-1,-1.378999949E-1
9.080000000E0,-5.810000002E-2,-2.274999917E-1,-3.044999838E-1
9.090000000E0,7.220000029E-2,-4.632000029E-1,-2.358999997E-1
9.100000000E0,3.152999878E-1,-2.052999884E-1,1.071999967E-1
9.110000000E0,3.225999773E-1,-5.647999644E-1,2.346999943E-1
9.120000000E0,3.410999775E-1,-1.703999937E-1,7.779999822E-2
9.130000000E0,6.759999692E-2,-6.140000001E-2,-9.860000014E-2
9.140000000E0,-3.619999811E-2,-3.353999853E-1,1.171000004E-1
9.150000000E0,8.240000159E-2,-4.616999924E-1,-2.063999921E-1
9.160000000E0,1.600999981E-1,-4.104000032E-1,-9.860000014E-2
9.170000000E0,-1.146999970E-1,-3.200999796E-1,-1.216499925E0
9.180000000E0,-9.929999709E-2,-6.110000014E-1,2.642000020E-1
9.190000000E0,-5.669999868E-2,-4.928999841E-1,-3.999999899E-4
9.200000000E0,-1.300000004E-3,5.909999833E-2,-2.009999938E-2
9.210000000E0,-1.427000016E-1,-6.549999863E-2,2.879999951E-2
9.220000000E0,-8.320000023E-2,-1.828999966E-1,-2.946999967E-1
9.230000000E0,8.529999852E-2,-1.437999904E-1,1.758999974E-1
9.240000000E0,4.600000009E-2,-4.466999769E-1,-1.965999901E-1
9.250000000E0,7.419999689E-2,-4.259999990E-1,4.839999974E-2
9.260000000E0,-5.350000039E-2,-9.150999784E-1,-3.436999917E-1
9.270000000E0,1.036999971E-1,-4.041999876E-1,-8.879999816E-2
9.280000000E0,-8.190000057E-2,-5.710999966E-1,-7.889999449E-2
9.290000000E0,-3.460000083E-2,-4.919999838E-1,-4.949999973E-2
9.300000000E0,-2.759999968E-2,-7.552999854E-1,-1.868999898E-1
9.310000000E0,-2.789999917E-2,-7.648999691E-1,-2.999999933E-2
9.320000000E0,-4.479999840E-2,-6.577999592E-1,-6.920000166E-2
9.330000000E0,-5.339999869E-2,-8.247999549E-1,-2.989999950E-2
9.340000000E0,-8.500000089E-2,-7.357999682E-1,-1.770000011E-1
9.350000000E0,-6.849999726E-2,-7.249000072E-1,8.760000020E-2
9.360000000E0,-1.081999987E-1,-7.245000005E-1,-2.162999958E-1
9.370000000E0,-5.779999867E-2,-7.443000078E-1,8.760000020E-2
9.380000000E0,-2.829999849E-2,-6.460999846E-1,-1.377999932E-1
9.390000000E0,-7.979999483E-2,-6.157000065E-1,-2.019999921E-2
9.400000000E0,-1.097999960E-1,-4.386999905E-1,-5.939999968E-2
9.410000000E0,-2.170999944E-1,-3.016999960E-1,-4.959999770E-2
9.420000000E0,-2.654999793E-1,-4.609999806E-2,-2.999999933E-2
9.430000000E0,-2.964999974E-1,4.319999740E-2,-1.574999988E-1
9.440000000E0,-2.981999815E-1,9.329999983E-2,-3.979999945E-2
9.450000000E0,-2.576999962E-1,6.399999559E-2,-9.869999439E-2
9.460000000E0,-1.488000005E-1,3.449999914E-2,1.889999956E-2
9.470001562E0,-1.015999988E-1,5.799999926E-3,-1.280999929E-1
9.480000000E0,2.600000007E-3,-4.189999774E-2,-9.869999439E-2
9.490000000E0,-8.669999987E-2,2.719999850E-2,-5.949999765E-2
9.500000000E0,-7.549999654E-2,8.549999446E-2,-6.929999590E-2
9.510000000E0,-1.634999961E-1,2.659999952E-2,-4.969999939E-2
9.520000000E0,-1.174999997E-1,-1.094999984E-1,-8.899999410E-2
9.530000000E0,-6.099999696E-2,-1.771999896E-1,-7.919999957E-2
9.540000000E0,-7.000000030E-2,-2.854000032E-1,-3.989999741E-2
9.550000000E0,2.009999938E-2,-2.954999804E-1,-4.969999939E-2
9.560000000E0,-7.819999754E-2,-2.656999826E-1,-5.949999765E-2
9.570000000E0,-8.009999990E-2,-6.870000064E-2,-6.999999750E-4
9.580000000E0,-1.206999943E-1,-1.860000007E-2,-8.899999410E-2
9.590000000E0,-1.219999939E-1,-9.619999677E-2,-4.979999736E-2
9.600000000E0,-1.132999957E-1,-2.622999847E-1,-1.577000022E-1
9.610000000E0,-2.679999918E-2,-2.321999967E-1,-7.930000126E-2
9.620000000E0,-2.740000002E-2,-3.790999949E-1,-3.999999911E-2
9.630000000E0,-1.530999988E-1,-5.753999949E-1,-7.999999798E-4
9.640000000E0,-1.215000004E-1,-8.210999966E-1,8.999999613E-3
9.650000000E0,-1.219999939E-1,-4.968999922E-1,-2.458999902E-1
9.660003125E0,-1.942999959E-1,-5.640999675E-1,-2.039999887E-2
9.670003125E0,-2.151999921E-1,-7.397999763E-1,8.899999782E-3
9.680000000E0,-1.925999969E-1,-7.497999668E-1,-1.184999943E-1
9.690003125E0,-1.906999946E-1,-7.795000076E-1,-2.039999887E-2
9.700000000E0,-2.213999927E-1,-7.980999947E-1,-4.979999736E-2
9.710000000E0,-2.325999886E-1,-8.754000068E-1,-1.479000002E-1
9.720000000E0,-1.440999955E-1,-7.967000008E-1,-3.999999911E-2
9.730000000E0,-2.225999981E-1,-6.882999539E-1,6.769999862E-2
9.740000000E0,-2.231999934E-1,-8.633999825E-1,-3.019999899E-2
9.750000000E0,-2.921999991E-1,-1.097499967E0,-1.184999943E-1
9.760000000E0,-2.527000010E-1,-9.501000047E-1,-1.086999997E-1
9.770000000E0,-2.331999987E-1,-7.731999755E-1,-4.989999905E-2
9.780000000E0,-1.665999889E-1,-7.231999636E-1,2.850000001E-2
9.790000000E0,-1.384000033E-1,-8.299999833E-1,-4.989999905E-2
9.800000000E0,-1.287000030E-1,-9.468999505E-1,-1.087999940E-1
9.810000000E0,-1.275999993E-1,-1.113299966E0,-6.949999928E-2
9.820000000E0,-1.263999939E-1,-1.044399977E0,-7.930000126E-2
9.830000000E0,-1.261000037E-1,-1.102699995E0,-4.010000080E-2
9.840000000E0,-6.870000064E-2,-1.101599932E0,-1.185999960E-1
9.850000000E0,7.400000002E-3,-1.218099952E0,-3.029999882E-2
9.860000000E0,7.400000095E-2,-1.305099964E0,-4.999999702E-2
9.870000000E0,1.001999974E-1,-1.528800011E0,-2.060000040E-2
9.880000000E0,1.649999917E-1,-1.703199983E0,-5.989999697E-2
9.890000000E0,2.012999952E-1,-1.907199979E0,-1.099999994E-3
9.900000000E0,1.616999954E-1,-2.053200006E0,-5.999999866E-2
9.910000000E0,7.409999520E-2,-2.180299997E0,-1.090000011E-2
9.920000000E0,4.519999772E-2,-2.307399988E0,-4.039999843E-2
9.930000000E0,6.390000135E-2,-2.384899855E0,-2.080000006E-2
9.940000000E0,5.269999802E-2,-2.246199846E0,-3.059999831E-2
9.950000000E0,9.049999714E-2,-2.382200003E0,-2.080000006E-2
9.960000000E0,1.075999960E-1,-2.253000021E0,-4.050000012E-2
9.970000000E0,9.510000050E-2,-2.319799900E0,-7.979999483E-2
9.980000000E0,5.489999801E-2,-2.250099897E0,-4.050000012E-2
9.990000000E0,-4.389999807E-2,-2.209899902E0,2.799999900E-2
1.000000000E1,-4.099999741E-2,-2.078999996E0,-3.089999966E-2
1.001000000E1,-9.569999576E-2,-2.092999935E0,-8.999999613E-2
1.002000000E1,7.119999826E-2,-2.252899885E0,-3.159999847E-2
1.003000000E1,-5.810000002E-2,-2.029399872E0,-2.177999914E-1
1.004000000E1,-2.759999968E-2,-1.816399932E0,1.158000007E-1
1.005000000E1,-4.369999841E-2,-1.679499984E0,-9.979999810E-2
1.006000000E1,-8.499999531E-3,-1.148000002E0,7.899999619E-3
1.007000000E1,1.967999935E-1,5.209999904E-2,-1.982000023E-1
1.008000000E1,-1.481999904E-1,3.380999863E-1,-5.109999701E-2
1.009000000E1,-1.764999926E-1,2.475999892E-1,-1.096999943E-1
1.010000000E1,-1.266999990E-1,-1.270000041E-1,-4.089999944E-2
1.011000000E1,-3.189999983E-2,-6.929999590E-2,-5.059999973E-2
1.012000000E1,-3.139999881E-2,7.800000161E-2,1.799999923E-2
1.013000000E1,-9.389999509E-2,8.020000160E-2,-6.049999967E-2
1.014000000E1,-1.699000001E-1,3.480000049E-2,-1.194999963E-1
1.015000000E1,-9.099999815E-2,-4.910000041E-2,-1.588999927E-1
1.016000000E1,-4.820000008E-2,1.229999959E-2,1.740000024E-2
1.017000000E1,-3.189999983E-2,2.070000023E-2,-6.079999730E-2
1.018000000E1,-8.439999819E-2,4.889999703E-2,-1.096999943E-1
1.019000000E1,-8.999999613E-2,1.919999905E-2,-4.099999741E-2
1.020000000E1,-6.939999759E-2,1.970000006E-2,-1.799999969E-3
1.021000000E1,-1.201999933E-1,1.150000002E-2,-7.050000131E-2
1.022000000E1,-1.331000030E-1,1.339999959E-2,-8.029999584E-2
1.023000000E1,-5.959999934E-2,4.509999976E-2,-1.098999977E-1
1.024000000E1,-1.489999983E-2,-1.799999969E-3,-4.129999876E-2
1.025000000E1,-7.059999555E-2,-1.179999951E-2,-9.030000120E-2
1.026000000E1,-7.679999620E-2,4.659999907E-2,-5.099999905E-2
1.027000000E1,-1.042999998E-1,6.629999727E-2,-9.019999951E-2
1.028000000E1,-9.399999678E-2,4.649999738E-2,-5.099999905E-2
1.029000000E1,-7.530000061E-2,-1.399999950E-3,-6.079999730E-2
1.030000000E1,-6.769999862E-2,9.800000116E-3,-7.069999725E-2
1.031000000E1,-4.120000079E-2,5.049999803E-2,-1.000999957E-1
1.032000000E1,-5.949999765E-2,5.099999905E-2,-9.030000120E-2
1.033000000E1,-9.589999914E-2,1.219999976E-2,-5.099999905E-2
1.034000000E1,-1.037999988E-1,2.259999886E-2,-3.139999881E-2
1.035000000E1,-3.419999778E-2,3.309999779E-2,-7.059999555E-2
1.036000000E1,-3.460000083E-2,5.379999802E-2,-5.099999905E-2
1.037000000E1,-8.500000089E-2,3.590000048E-2,-8.049999923E-2
1.038000000E1,-1.263999939E-1,2.769999951E-2,-6.089999899E-2
1.039000000E1,-1.181999967E-1,5.839999765E-2,-7.079999894E-2
1.040000000E1,-5.869999900E-2,3.920000046E-2,-1.099999994E-1
1.041000000E1,-8.899999782E-3,3.969999775E-2,-7.079999894E-2
1.042000000E1,-1.869999990E-2,2.999999933E-2,-8.060000092E-2
1.043000000E1,-5.859999731E-2,5.069999769E-2,-2.180000022E-2
1.044000000E1,-7.919999957E-2,3.199999919E-3,-1.198999956E-1
1.045000000E1,-7.909999788E-2,1.429999992E-2,-7.079999894E-2
1.046000000E1,-1.072999984E-1,-4.199999850E-3,-1.198999956E-1
1.047000000E1,-1.349000037E-1,3.579999879E-2,-1.200000010E-2
1.048000000E1,-7.319999486E-2,2.669999935E-2,-1.491999924E-1
1.049000000E1,-5.020000041E-2,6.629999727E-2,-5.109999701E-2
1.050000000E1,-9.510000050E-2,-1.999999862E-3,-4.120000079E-2
1.051000000E1,-8.079999685E-2,5.689999834E-2,-4.120000079E-2
1.052000000E1,-9.569999576E-2,2.740000002E-2,-6.069999933E-2
1.053000000E1,-7.239999622E-2,7.629999518E-2,-1.159999985E-2
1.054000000E1,-7.159999758E-2,6.719999760E-2,-7.039999962E-2
1.055000000E1,-5.329999700E-2,6.929999590E-2,-8.029999584E-2
1.056000000E1,-6.520000100E-2,3.219999745E-2,-8.029999584E-2
1.057000000E1,-6.669999659E-2,2.429999970E-2,-6.079999730E-2
1.058000000E1,-1.055999994E-1,4.389999807E-2,-8.039999753E-2
1.059000000E1,-7.509999722E-2,3.480000049E-2,-7.059999555E-2
1.060000000E1,-1.030999944E-1,8.439999819E-2,-5.089999735E-2
1.061000000E1,-7.289999723E-2,7.539999485E-2,-4.109999910E-2
1.062000000E1,-1.499999966E-2,2.769999951E-2,-1.294000000E-1
1.063000000E1,-2.740000002E-2,4.859999940E-2,-3.139999881E-2
1.064000000E1,-1.799999923E-2,1.178999990E-1,-1.784999967E-1
1.065000000E1,-6.489999592E-2,-3.929999843E-2,-8.039999753E-2
1.066000000E1,-4.039999843E-2,7.660000026E-2,-1.392000020E-1
1.067000000E1,-2.021999955E-1,1.721999943E-1,-7.039999962E-2
1.068000000E1,-2.153999954E-1,6.204999685E-1,-3.057000041E-1
1.069000000E1,-2.869999968E-2,1.252000034E-1,7.689999789E-2
1.070000000E1,1.078999937E-1,8.060000092E-2,8.689999580E-2
1.071000000E1,-7.999999798E-4,-3.649999797E-1,-2.266999930E-1
1.072000000E1,-3.570000082E-2,9.329999983E-2,1.850000024E-2
1.073000000E1,-9.399999678E-2,1.865999997E-1,-8.919999748E-2
1.074000000E1,-6.929999590E-2,1.353999972E-1,-4.323000014E-1
1.075000000E1,-2.229999900E-1,5.079999939E-2,9.113000035E-1
1.076000000E1,1.651999950E-1,1.019999944E-2,1.855999976E-1
1.077000000E1,1.817999929E-1,-1.129999980E-1,-6.577000022E-1
1.078000000E1,-6.889999658E-2,1.359999925E-2,1.463999897E-1
1.079000000E1,-1.138999984E-1,9.099999815E-2,1.659999937E-1
1.080000000E1,-1.251000017E-1,7.239999622E-2,-2.653999925E-1
1.081000000E1,-6.610000134E-2,4.289999977E-2,3.849999979E-2
1.082000000E1,-5.629999936E-2,1.429999992E-2,-2.653999925E-1
1.083000000E1,-6.589999795E-2,9.269999713E-2,1.169999987E-1
1.084000000E1,-1.023999974E-1,9.200000018E-2,2.869999968E-2
1.085000000E1,-6.560000032E-2,7.389999926E-2,-3.046000004E-1
1.086000000E1,-3.539999947E-2,5.469999835E-2,2.869999968E-2
1.087000000E1,-6.419999897E-2,6.449999660E-2,-6.929999590E-2
1.088000000E1,-6.399999559E-2,9.380000085E-2,-4.959999770E-2
1.089000000E1,-6.399999559E-2,7.409999520E-2,-1.182999983E-1
1.090000000E1,-3.429999948E-2,8.379999548E-2,-5.999999703E-4
1.091000000E1,-6.359999627E-2,6.430000067E-2,-7.909999788E-2
1.092000000E1,-7.310000062E-2,6.409999728E-2,-2.999999933E-2
1.093000000E1,-6.340000033E-2,6.409999728E-2,-8.889999986E-2
1.094000000E1,-6.359999627E-2,7.400000095E-2,-8.889999986E-2
1.095000000E1,-5.339999869E-2,8.359999955E-2,-1.040000003E-2
1.096000000E1,-6.300000101E-2,6.390000135E-2,-8.889999986E-2
1.097000000E1,-6.309999526E-2,6.399999559E-2,-8.889999986E-2
1.098000000E1,-6.189999729E-2,6.309999526E-2,-3.979999945E-2
1.099000000E1,-6.109999865E-2,7.199999690E-2,-6.920000166E-2
1.100000000E1,-6.030000001E-2,9.059999883E-2,-6.920000166E-2
1.101000000E1,-5.949999765E-2,7.009999454E-2,-4.959999770E-2
1.102000000E1,-5.859999731E-2,5.949999765E-2,-4.959999770E-2
1.103000000E1,-5.799999833E-2,7.829999924E-2,-8.879999816E-2
1.104000000E1,-5.719999969E-2,7.729999721E-2,-6.920000166E-2
1.105000000E1,-5.639999732E-2,5.709999800E-2,-4.949999973E-2
1.106000000E1,-5.570000038E-2,6.610000134E-2,-6.909999996E-2
1.107000000E1,-5.499999970E-2,6.529999524E-2,-4.949999973E-2
1.108000000E1,-5.429999903E-2,8.389999717E-2,-5.929999799E-2
1.109000000E1,-5.379999802E-2,6.359999627E-2,-6.909999996E-2
1.110000000E1,-5.309999734E-2,7.259999961E-2,-4.949999973E-2
1.111000000E1,-5.249999836E-2,8.159999549E-2,-5.929999799E-2
1.112000000E1,-5.189999938E-2,6.129999831E-2,-5.929999799E-2
1.113000000E1,-5.119999871E-2,6.069999933E-2,-6.909999996E-2
1.114000000E1,-5.069999769E-2,5.029999837E-2,-5.920000002E-2
1.115000000E1,-4.999999702E-2,6.920000166E-2,-4.939999804E-2
1.116000000E1,-4.939999804E-2,4.910000041E-2,-5.920000002E-2
1.117000000E1,-4.889999703E-2,6.819999963E-2,-6.899999827E-2
1.118000000E1,-4.829999804E-2,5.769999698E-2,-5.920000002E-2
1.119000000E1,-4.779999703E-2,5.709999800E-2,-5.920000002E-2
1.120000000E1,-2.789999917E-2,6.639999896E-2,-6.899999827E-2
1.121000000E1,-4.699999839E-2,4.639999941E-2,-6.899999827E-2
1.122000000E1,-4.649999738E-2,6.539999694E-2,-6.899999827E-2
1.123000000E1,-4.589999840E-2,6.480000168E-2,-5.920000002E-2
